dataset,baseline,method,comp_delay,comm_delay,ap30,ap50,ap70,used_frames,skipped_frames,notes
DAIR-V2X-C,DATA intermediate,DATA + Ours IFAM joint delay-comp,0,0,0.7017133050816012,0.6006424104326911,0.402246377427695,1783,0,merged_stats=8
DAIR-V2X-C,DATA intermediate,DATA + Ours IFAM joint delay-comp,0,1,0.6607289318312242,0.5493185449938073,0.3610843725780644,1777,6,merged_stats=8
DAIR-V2X-C,DATA intermediate,DATA + Ours IFAM joint delay-comp,0,2,0.6399319226942648,0.5192137147450511,0.3444737197660996,1778,5,merged_stats=8
DAIR-V2X-C,DATA intermediate,DATA + Ours IFAM joint delay-comp,0,3,0.6150972735940813,0.49974430338103565,0.33878605298345243,1777,6,merged_stats=8
DAIR-V2X-C,DATA intermediate,DATA + Ours IFAM joint delay-comp,0,4,0.600760917966198,0.48993973067796814,0.3350839743643335,1778,5,merged_stats=8
DAIR-V2X-C,DATA intermediate,DATA + Ours IFAM joint delay-comp,0,5,0.5909600808824412,0.484614581482872,0.33176893906085786,1778,5,merged_stats=8
DAIR-V2X-C,DATA intermediate,DATA + Ours IFAM joint delay-comp,1,0,0.6517064931381454,0.4678933554673265,0.18183192064367465,1597,186,merged_stats=8
DAIR-V2X-C,DATA intermediate,DATA + Ours IFAM joint delay-comp,1,1,0.590990472375007,0.3815665953759948,0.1552892172066435,1598,185,merged_stats=8
DAIR-V2X-C,DATA intermediate,DATA + Ours IFAM joint delay-comp,1,2,0.521488840809883,0.34995601286285444,0.15130765404448648,1596,187,merged_stats=8
DAIR-V2X-C,DATA intermediate,DATA + Ours IFAM joint delay-comp,1,3,0.4910230657564121,0.33773117622465854,0.14862765714523138,1597,186,merged_stats=8
DAIR-V2X-C,DATA intermediate,DATA + Ours IFAM joint delay-comp,1,4,0.47387535625661453,0.3294855549370441,0.14726533844893566,1597,186,merged_stats=8
DAIR-V2X-C,DATA intermediate,DATA + Ours IFAM joint delay-comp,1,5,0.4648433588908972,0.3281098273320856,0.14937798011444722,1597,186,merged_stats=8
DAIR-V2X-C,DATA intermediate,DATA + Ours IFAM joint delay-comp,2,0,0.5095001147048752,0.2839594392293771,0.1211643213343445,1570,213,merged_stats=8
DAIR-V2X-C,DATA intermediate,DATA + Ours IFAM joint delay-comp,2,1,0.44351163258829884,0.26111991816408187,0.11871799449123065,1568,215,merged_stats=8
DAIR-V2X-C,DATA intermediate,DATA + Ours IFAM joint delay-comp,2,2,0.41562544491474385,0.2508020849158081,0.1163405584144556,1568,215,merged_stats=8
DAIR-V2X-C,DATA intermediate,DATA + Ours IFAM joint delay-comp,2,3,0.40251843174580987,0.24735561306506085,0.11847168124236565,1568,215,merged_stats=8
DAIR-V2X-C,DATA intermediate,DATA + Ours IFAM joint delay-comp,2,4,0.39535249533927647,0.24572806067907463,0.11858399776295994,1569,214,merged_stats=8
DAIR-V2X-C,DATA intermediate,DATA + Ours IFAM joint delay-comp,2,5,0.39096159883355674,0.24388182701327343,0.11579700710167226,1570,213,merged_stats=8
DAIR-V2X-C,DATA intermediate,DATA + Ours IFAM joint delay-comp,3,0,0.37373286269289646,0.22565085593798326,0.10829734600045086,1534,249,merged_stats=8
DAIR-V2X-C,DATA intermediate,DATA + Ours IFAM joint delay-comp,3,1,0.346464495083191,0.21671420359082233,0.10635519839511362,1532,251,merged_stats=8
DAIR-V2X-C,DATA intermediate,DATA + Ours IFAM joint delay-comp,3,2,0.3339898855175191,0.21439617114858564,0.10642387654213943,1532,251,merged_stats=8
DAIR-V2X-C,DATA intermediate,DATA + Ours IFAM joint delay-comp,3,3,0.3272219677348219,0.212124209330585,0.10855857198663103,1532,251,merged_stats=8
DAIR-V2X-C,DATA intermediate,DATA + Ours IFAM joint delay-comp,3,4,0.3255147503749002,0.2114779564290393,0.1083706792144141,1532,251,merged_stats=8
DAIR-V2X-C,DATA intermediate,DATA + Ours IFAM joint delay-comp,3,5,0.320903100031683,0.208095766463453,0.10702489815565501,1533,250,merged_stats=8
DAIR-V2X-C,DATA intermediate,DATA + Ours IFAM joint delay-comp,4,0,0.2992469283154228,0.20195898343403854,0.10001241930790951,1498,285,merged_stats=8
DAIR-V2X-C,DATA intermediate,DATA + Ours IFAM joint delay-comp,4,1,0.2871301285167528,0.19867818397982367,0.10098493819977304,1497,286,merged_stats=8
DAIR-V2X-C,DATA intermediate,DATA + Ours IFAM joint delay-comp,4,2,0.28018634660076147,0.19798753950495138,0.10283055000582757,1497,286,merged_stats=8
DAIR-V2X-C,DATA intermediate,DATA + Ours IFAM joint delay-comp,4,3,0.27678489086513497,0.1972650075799534,0.10277584434958471,1497,286,merged_stats=8
DAIR-V2X-C,DATA intermediate,DATA + Ours IFAM joint delay-comp,4,4,0.2742246599817351,0.19623801382216646,0.10234759947535621,1497,286,merged_stats=8
DAIR-V2X-C,DATA intermediate,DATA + Ours IFAM joint delay-comp,4,5,0.27299566994251423,0.19599698805842417,0.10118894783274975,1498,285,merged_stats=8
DAIR-V2X-C,DATA intermediate,DATA + Ours IFAM joint delay-comp,5,0,0.2623432644674532,0.18793252624110154,0.09559836142681402,1453,330,merged_stats=8
DAIR-V2X-C,DATA intermediate,DATA + Ours IFAM joint delay-comp,5,1,0.25642330769647836,0.18682525963951124,0.09610252632190065,1453,330,merged_stats=8
DAIR-V2X-C,DATA intermediate,DATA + Ours IFAM joint delay-comp,5,2,0.25321405039415623,0.18494810946336776,0.09731104629221798,1452,331,merged_stats=8
DAIR-V2X-C,DATA intermediate,DATA + Ours IFAM joint delay-comp,5,3,0.25097845148604414,0.18502434120464306,0.09573470612306074,1452,331,merged_stats=8
DAIR-V2X-C,DATA intermediate,DATA + Ours IFAM joint delay-comp,5,4,0.2495051135889372,0.1841514804891334,0.0959350235652063,1452,331,merged_stats=8
DAIR-V2X-C,DATA intermediate,DATA + Ours IFAM joint delay-comp,5,5,0.24626178673724147,0.18235483634135685,0.09596364385253113,1453,330,merged_stats=8
