path,exists,is_dir,tracked,ignored,size,nfiles
/tmp/TraF-Align_partial/checkpoints/dair_v2x_seq_Trafalign_2024_12_28_04_42_36/net_epoch60.pth,True,False,,,53336860,1
/tmp/TraF-Align_partial/datasets/Basedataset/v2xseq_basedataset.py,True,False,,,46527,1
/tmp/TraF-Align_partial/models/modules/deform/joint_delay_compensation.py,True,False,,,3172,1
/tmp/TraF-Align_partial/models/modules/deform/traf_align_fusion.py,True,False,,,12066,1
checkpoints/curated/dair_v2x/our_method/T10_n10_ckpt_15000.pth,True,False,True,False,346295,1
checkpoints/curated/dair_v2x/our_method/T10_n5_ckpt_16000.pth,True,False,True,False,346295,1
checkpoints/curated/ours_models/dair_data_ifam_feature_t10n10_ours.npz,True,False,False,True,10308,1
checkpoints/curated/ours_models/dair_data_ifam_joint_delay_comp.pth,True,False,False,True,1927416,1
checkpoints/curated/ours_models/dair_data_ifam_joint_delay_comp.train_metrics.csv,True,False,False,True,1157,1
checkpoints/curated/ours_models/dair_data_ifam_joint_delay_comp_smoke.pth,True,False,False,True,1927416,1
checkpoints/curated/ours_models/dair_data_ifam_joint_delay_comp_unfreeze_ifam_head_lowcomp_weighted_lr1e5_1500.pth,True,False,False,True,56317263,1
checkpoints/curated/ours_models/dair_data_ifam_joint_delay_comp_unfreeze_ifam_head_lowcomp_weighted_lr1e5_1500.train_metrics.csv,True,False,False,True,763,1
checkpoints/curated/ours_models/dair_data_ifam_joint_delay_comp_unfreeze_ifam_head_lr1e5_1500.pth,True,False,False,True,56317263,1
checkpoints/curated/ours_models/dair_data_ifam_joint_delay_comp_unfreeze_ifam_head_lr1e5_1500.train_metrics.csv,True,False,False,True,763,1
checkpoints/curated/ours_models/dair_v2x_late_fusion_rf2_ours.pkl,True,False,False,True,165275573,1
checkpoints/curated/ours_models/dair_v2x_late_fusion_rf2_ours_trainonly.pkl,True,False,False,True,200524388,1
checkpoints/curated/ours_models/dair_v2x_late_fusion_rf2_ours_trainval_diagnostic.pkl,True,False,False,True,269546499,1
checkpoints/curated/ours_models/dair_v2x_seq_trafalign_feature_t10n10_ours_spconv2121.npz,True,False,False,True,2521,1
checkpoints/curated/ours_models/trafalign_joint_delay_comp_only_adaptive2to4_bypass_comp0_spconv2121/config.yaml,True,False,False,True,4837,1
checkpoints/curated/ours_models/trafalign_joint_delay_comp_only_adaptive2to4_bypass_comp0_spconv2121/net_epoch1.pth,True,False,False,True,54672585,1
checkpoints/curated/ours_models/trafalign_joint_delay_comp_only_adaptive2to4_spconv2121/config.yaml,True,False,False,True,4787,1
checkpoints/curated/ours_models/trafalign_joint_delay_comp_only_adaptive2to4_spconv2121/net_epoch1.pth,True,False,False,True,54672585,1
checkpoints/curated/ours_models/trafalign_joint_delay_comp_only_scale01_spconv2121/,True,True,False,True,54677282,2
checkpoints/curated/ours_models/trafalign_joint_delay_comp_only_scale01_spconv2121/`、`scale02_spconv2121/`、`adaptive_spconv2121/,False,False,False,True,,
checkpoints/curated/ours_models/trafalign_joint_delay_comp_only_spconv2121/config.yaml,True,False,False,True,4684,1
checkpoints/curated/ours_models/trafalign_joint_delay_comp_only_spconv2121/net_epoch1.pth,True,False,False,True,54672585,1
checkpoints/curated/ours_models/trafalign_joint_delay_comp_only_spconv2121/train_metrics.csv,True,False,False,True,1546,1
checkpoints/curated/ours_models/trafalign_joint_delay_comp_smoke/,True,True,False,True,54677411,3
checkpoints/curated/ours_models/trafalign_joint_delay_comp_smoke/`、`trafalign_joint_delay_comp_only_smoke/,False,False,False,True,,
checkpoints/curated/ours_models/trafalign_joint_delay_comp_spconv2121/,True,True,False,True,54679762,3
checkpoints/curated/ours_models/trafalign_joint_unfreeze_*_20260722/,False,False,False,True,,
checkpoints/curated/ours_models/trafalign_joint_unfreeze_field_offset_20260722/,True,True,False,True,54677846,3
checkpoints/curated/ours_models/trafalign_joint_unfreeze_field_offset_gate06_20260722/,True,True,False,True,54678092,3
checkpoints/curated/ours_models/trafalign_joint_unfreeze_tail_head_20260722/,True,True,False,True,54677846,3
checkpoints/curated/ours_models/trafalign_joint_unfreeze_tail_head_gate06_20260722/,True,True,False,True,54678091,3
checkpoints/curated/ours_models/v2xsim_data_ifam_joint_delay_comp.pth,True,False,False,True,1927480,1
checkpoints/curated/ours_models/v2xsim_data_ifam_joint_delay_comp.train_metrics.csv,True,False,False,True,799,1
checkpoints/curated/ours_models/v2xsim_data_ifam_joint_delay_comp_scale01.pth,True,False,False,True,1927480,1
checkpoints/curated/ours_models/v2xsim_data_ifam_joint_delay_comp_smoke.pth,True,False,False,True,1927480,1
checkpoints/curated/ours_models/v2xsim_ours_prediction_model.pth,True,False,False,True,346295,1
checkpoints/dair_v2x_seq_Trafalign_2024_12_28_04_42_36/net_epoch60.pth,False,False,False,True,,
external/DAIR-V2X-isolated/gpu*/v2x,False,False,False,True,,
external/DATA/opencood/logs/official_checkpoints,True,True,False,True,54385773,2
external/LRCP/opencood/logs/dairv2x_lrcp_point_pillar_lidar_deformable_attn_stage2_2026_07_01_19_32_46/net_epoch_bestval_at1.pth,True,False,False,True,75668089,1
results/260615_fill/artifacts/dair_data_box_latefusion_fair_none_vs_rf_20260706.csv,True,False,False,False,4752,1
results/260615_fill/artifacts/dair_data_box_latefusion_fair_oldrf_comp135_20260716.csv,True,False,False,False,3214,1
results/260615_fill/artifacts/dair_data_box_latefusion_fair_rf_trainonly_20260714.csv,True,False,False,False,3400,1
results/260615_fill/artifacts/dair_data_box_latefusion_fair_rf_trainonly_comp135_20260716.csv,True,False,False,False,4930,1
results/260615_fill/artifacts/dair_data_ifam_feature_t10n10_ours_20260707.csv,True,False,False,False,2899,1
results/260615_fill/artifacts/dair_data_ifam_feature_t10n10_ours_comp135_20260716.csv,True,False,False,False,2919,1
results/260615_fill/artifacts/dair_data_ifam_joint_delay_comp_20260713.csv,True,False,False,False,4211,1
results/260615_fill/artifacts/dair_data_ifam_joint_delay_comp_comp135_20260716.csv,True,False,False,False,2811,1
results/260615_fill/artifacts/dair_data_ifam_joint_delay_comp_delayaware_bypass_comp0_1_20260716.csv,True,False,False,False,7377,1
results/260615_fill/artifacts/dair_data_ifam_joint_delay_comp_scale05_comp1_20260716.csv,True,False,False,False,1837,1
results/260615_fill/artifacts/dair_data_ifam_joint_delay_comp_unfreeze_ifam_head_lr1e5_20260716.csv,True,False,False,False,5500,1
results/260615_fill/artifacts/dair_data_ifam_joint_delay_comp_unfreeze_ifam_head_lr1e5_keycells_20260716.csv,True,False,False,False,1290,1
results/260615_fill/artifacts/dair_data_ifam_joint_delay_comp_unfreeze_weighted_comp1_key_20260716.csv,True,False,False,False,995,1
results/260615_fill/artifacts/dair_data_ifam_joint_delay_comp_unfreeze_weighted_otherkey_20260716.csv,True,False,False,False,993,1
results/260615_fill/artifacts/dair_data_intermediate_rf_assist_keycells_20260707.csv,True,False,False,False,551,1
results/260615_fill/artifacts/dair_data_intermediate_rf_assist_trainonly_keycells_20260714.csv,True,False,False,False,552,1
results/260615_fill/artifacts/dair_data_intermediate_rf_assist_trainonly_keycells_comp135_20260716.csv,True,False,False,False,781,1
results/260615_fill/artifacts/dair_data_strict_dual_delay_none_ours_20260706.csv,True,False,False,False,10489,1
results/260615_fill/artifacts/dair_data_strict_dual_delay_none_ours_comp135_20260716.csv,True,False,False,False,10105,1
results/260615_fill/artifacts/dair_data_strict_dual_delay_rf_ours_20260706.csv,True,False,False,False,2928,1
results/260615_fill/artifacts/dair_detector_ours_history2_rf_trainonly_strict_20260714.csv,True,False,False,False,4767,1
results/260615_fill/artifacts/dair_detector_ours_history2_rf_trainval_diag_strict_20260714.csv,True,False,False,False,4843,1
results/260615_fill/artifacts/dair_detector_ours_history2_rf_valcache_strict_20260705.csv,True,False,False,False,4748,1
results/260615_fill/artifacts/dair_detector_tclf_receiver_strict_20260704_rechecked.csv,True,False,False,False,4280,1
results/260615_fill/artifacts/dair_late_fusion_no_comp_strict_20260704_rechecked.csv,True,False,False,False,4190,1
results/260615_fill/artifacts/dair_late_fusion_no_comp_strict_comp135_20260716.csv,True,False,False,False,4328,1
results/260615_fill/artifacts/dair_late_fusion_ours_history2_rf_trainonly_strict_20260714.csv,True,False,False,False,4574,1
results/260615_fill/artifacts/dair_late_fusion_ours_history2_rf_trainonly_strict_comp135_20260716.csv,True,False,False,False,4718,1
results/260615_fill/artifacts/dair_late_fusion_ours_history2_rf_trainval_diag_strict_20260714.csv,True,False,False,False,4646,1
results/260615_fill/artifacts/dair_late_fusion_ours_history2_rf_valcache_strict_20260705.csv,True,False,False,False,4556,1
results/260615_fill/artifacts/dair_late_fusion_tclf_receiver_strict_20260704_rechecked.csv,True,False,False,False,4334,1
results/260615_fill/artifacts/dair_late_fusion_tclf_receiver_strict_comp135_20260716.csv,True,False,False,False,4472,1
results/260615_fill/artifacts/dair_lrcp_latency_ap.csv,True,False,False,False,1853,1
results/260615_fill/artifacts/dair_lrcp_strict_dual_delay_ap.csv,True,False,False,False,7951,1
results/260615_fill/artifacts/dair_lrcp_strict_dual_delay_parts/,True,True,False,False,82212,72
results/260615_fill/artifacts/dair_lrcp_strict_dual_delay_parts_comp135_20260716/,True,True,False,False,20535,25
results/260615_fill/artifacts/dair_trafalign_compat_debug_20260708.csv,True,False,False,False,544,1
results/260615_fill/artifacts/dair_trafalign_compat_debug_score0_20260708.csv,True,False,False,False,315,1
results/260615_fill/artifacts/v2xsim_data_compensation_ap.csv,True,False,False,False,9290,1
results/260615_fill/artifacts/v2xsim_data_compensation_ap_comp135_20260716.csv,True,False,False,False,9290,1
results/260615_fill/artifacts/v2xsim_data_ifam_joint_delay_comp_20260713.csv,True,False,False,False,4286,1
results/260615_fill/artifacts/v2xsim_data_ifam_joint_delay_comp_scale01_20260713.csv,True,False,False,False,4430,1
results/260615_fill/artifacts/v2xsim_data_ifam_joint_delay_comp_scale01_comp135_20260716.csv,True,False,False,False,4430,1
results/260615_fill/artifacts/v2xsim_data_intermediate_fairness_audit_20260707.csv,True,False,False,False,2434,1
results/260615_fill/artifacts/v2xsim_data_syncnet_strict_20260704.csv,True,False,False,False,4772,1
results/260615_fill/cache/dair_data_feature_t10n10/,True,True,False,False,332190632811,13202
results/260615_fill/cache/dair_data_intermediate_boxes_20260707/,True,True,False,False,21575185,5
results/260615_fill/cache/dair_data_rf_ours_20260706/,True,True,False,False,64162822,20
results/dair_v2x/official_baselines/logs_strict_dual_delay_20260703/,True,True,False,False,4685320,36
results/dair_v2x/official_baselines/logs_strict_dual_delay_20260703/`、`results/dair_v2x/official_baselines/logs_strict_dual_delay_ours_history2_rf_trainonly_20260714/,False,False,False,False,,
results/dair_v2x/official_baselines/logs_strict_dual_delay_ours_history2_rf_trainonly_20260714/,True,True,False,False,2448404,18
results/dair_v2x/official_baselines/logs_strict_dual_delay_ours_history2_rf_trainval_diag_20260714/,True,True,False,False,2430432,18
results/dair_v2x/official_baselines/logs_strict_dual_delay_tclf_receiver_20260704/,True,True,False,False,3315073,18
results/dair_v2x/official_baselines/logs_train_cache_20260714/late_fusion_no_comp_train_cache_full_gpu0_resume.log,True,False,False,True,213172,1
results/dair_v2x_seq/download_status_20260708.json,True,False,False,False,612,1
results/dair_v2x_seq/download_status_retry_20260708.json,True,False,False,False,1962,1
results/dair_v2x_seq/trafalign_baseline_comp0_spconv2121.csv,True,False,False,False,1383,1
results/dair_v2x_seq/trafalign_baseline_comp1_spconv2121.csv,True,False,False,False,1397,1
results/dair_v2x_seq/trafalign_baseline_comp2_spconv2121.csv,True,False,False,False,1397,1
results/dair_v2x_seq/trafalign_baseline_comp3_spconv2121.csv,True,False,False,False,1397,1
results/dair_v2x_seq/trafalign_baseline_comp4_spconv2121.csv,True,False,False,False,1396,1
results/dair_v2x_seq/trafalign_baseline_comp5_spconv2121.csv,True,False,False,False,1394,1
results/dair_v2x_seq/trafalign_feature_cache_spconv2121/,True,True,False,False,32135798169,20921
results/dair_v2x_seq/trafalign_joint_delay_comp_adaptive_bypass_comp0_3_4_5_20260716.csv,True,False,False,False,7362,1
results/dair_v2x_seq/trafalign_joint_delay_comp_adaptive_bypass_comp0_4_5_20260716.csv,True,False,False,False,6930,1
results/dair_v2x_seq/trafalign_joint_delay_comp_key_comp0.csv,True,False,False,False,302,1
results/dair_v2x_seq/trafalign_joint_delay_comp_only_adaptive2to4_bypass_comp0_spconv2121.csv,True,False,False,False,5493,1
results/dair_v2x_seq/trafalign_joint_delay_comp_only_adaptive2to4_comp0_spconv2121.csv,True,False,False,False,1665,1
results/dair_v2x_seq/trafalign_joint_delay_comp_only_adaptive2to4_comp1_spconv2121.csv,True,False,False,False,1445,1
results/dair_v2x_seq/trafalign_joint_delay_comp_only_adaptive2to4_comp2_spconv2121.csv,True,False,False,False,1679,1
results/dair_v2x_seq/trafalign_joint_delay_comp_only_adaptive2to4_comp3_spconv2121.csv,True,False,False,False,1445,1
results/dair_v2x_seq/trafalign_joint_delay_comp_only_adaptive2to4_comp4_spconv2121.csv,True,False,False,False,1679,1
results/dair_v2x_seq/trafalign_joint_delay_comp_only_adaptive2to4_comp5_spconv2121.csv,True,False,False,False,1442,1
results/dair_v2x_seq/trafalign_joint_delay_comp_only_adaptive2to4_spconv2121.csv,True,False,False,False,4881,1
results/dair_v2x_seq/trafalign_joint_delay_comp_only_comp0_spconv2121.csv,True,False,False,False,1527,1
results/dair_v2x_seq/trafalign_joint_delay_comp_only_comp1_spconv2121.csv,True,False,False,False,1367,1
results/dair_v2x_seq/trafalign_joint_delay_comp_only_comp2_spconv2121.csv,True,False,False,False,1541,1
results/dair_v2x_seq/trafalign_joint_delay_comp_only_comp3_spconv2121.csv,True,False,False,False,1365,1
results/dair_v2x_seq/trafalign_joint_delay_comp_only_comp4_spconv2121.csv,True,False,False,False,1535,1
results/dair_v2x_seq/trafalign_joint_delay_comp_only_comp5_spconv2121.csv,True,False,False,False,1362,1
results/dair_v2x_seq/trafalign_official_check_0_400ms_spconv2121.csv,True,False,False,False,507,1
results/dair_v2x_seq/trafalign_ours_t10n10_comp0_spconv2121.csv,True,False,False,False,2853,1
results/dair_v2x_seq/trafalign_ours_t10n10_comp1_spconv2121_comp135.csv,True,False,False,False,2873,1
results/dair_v2x_seq/trafalign_ours_t10n10_comp2_spconv2121.csv,True,False,False,False,2867,1
results/dair_v2x_seq/trafalign_ours_t10n10_comp3_spconv2121_comp135.csv,True,False,False,False,2867,1
results/dair_v2x_seq/trafalign_ours_t10n10_comp4_spconv2121.csv,True,False,False,False,2867,1
results/dair_v2x_seq/trafalign_ours_t10n10_comp5_spconv2121_comp135.csv,True,False,False,False,2873,1
results/dair_v2x_seq/trafalign_unfreeze_field_offset_gate06_key_comp0_comm0_20260722.csv,True,False,False,False,330,1
results/dair_v2x_seq/trafalign_unfreeze_field_offset_gate06_key_comp2_20260722.csv,True,False,False,False,597,1
results/dair_v2x_seq/trafalign_unfreeze_field_offset_gate06_key_comp4_20260722.csv,True,False,False,False,595,1
results/dair_v2x_seq/trafalign_unfreeze_field_offset_key_comp0_comm0_20260722.csv,True,False,False,False,316,1
results/dair_v2x_seq/trafalign_unfreeze_field_offset_key_comp2_20260722.csv,True,False,False,False,568,1
results/dair_v2x_seq/trafalign_unfreeze_field_offset_key_comp4_20260722.csv,True,False,False,False,567,1
results/dair_v2x_seq/trafalign_unfreeze_tail_head_gate06_key_comp0_comm0_20260722.csv,True,False,False,False,324,1
results/dair_v2x_seq/trafalign_unfreeze_tail_head_key_comp0_comm0_20260722.csv,True,False,False,False,310,1
results/dair_v2x_seq/trafalign_unfreeze_tail_head_key_comp2_20260722.csv,True,False,False,False,556,1
results/dair_v2x_seq/trafalign_unfreeze_tail_head_key_comp4_20260722.csv,True,False,False,False,555,1
results/trafalign_dair_v2x_c_compat/,True,True,False,False,319510681,26605
runs/data_dair_official_eval,True,True,False,True,2753429781,3317
runs/data_dair_official_eval/config.yaml,True,False,False,True,4240,1
runs/data_dair_official_eval/net_epoch_bestval_at21.pth,True,False,False,True,54381613,1
runs/data_v2xsim_pipeline/results/data_v2xsim_latency_ap.csv,True,False,False,True,4177,1
runs/data_v2xsim_pipeline_comp135/results/data_v2xsim_latency_ap.csv,True,False,False,True,4203,1
scripts/download_dair_v2x_seq_spd.py,True,False,False,False,5688,1
scripts/prepare_trafalign_dair_compat.py,True,False,False,False,11516,1
scripts/run_dair_data_hybrid_rf_assist.py,True,False,False,False,15971,1
scripts/run_dair_data_joint_delay_comp.py,True,False,False,False,22126,1
scripts/run_dair_data_rf_ours_box_comp_grid.py,True,False,False,False,27288,1
scripts/run_dair_data_rf_ours_box_comp_grid.py --eval-jobs 6,False,False,False,False,,
scripts/run_trafalign_dair_compat_eval.py,True,False,False,False,7620,1
scripts/run_trafalign_dair_v2x_seq_eval.py,True,False,False,False,18731,1
scripts/run_v2xsim_data_joint_delay_comp.py,True,False,False,False,21330,1
scripts/train_trafalign_feature_t10n10_predictor.py,True,False,False,False,15073,1
scripts/train_trafalign_joint_delay_comp.py,True,False,False,False,17164,1
