scene,interval,last_input_frame,target_frame,iou,baseline_iou
8,1,19,20,0.706636,0.735360
8,2,19,21,0.615173,0.632528
8,3,19,22,0.549436,0.550251
8,4,19,23,0.510308,0.507086
8,5,19,24,0.482913,0.480839
8,6,19,25,0.473266,0.462142
8,7,19,26,0.468540,0.457793
8,8,19,27,0.451440,0.444690
8,9,19,28,0.422275,0.421091
8,1,20,21,0.678232,0.706104
8,2,20,22,0.597662,0.586796
8,3,20,23,0.553220,0.530411
8,4,20,24,0.525714,0.495756
8,5,20,25,0.514178,0.464366
8,6,20,26,0.511804,0.467210
8,7,20,27,0.496680,0.447899
8,8,20,28,0.462837,0.427009
8,9,20,29,0.451870,0.409491
8,1,21,22,0.685009,0.669699
8,2,21,23,0.617026,0.560661
8,3,21,24,0.579846,0.514464
8,4,21,25,0.556623,0.472909
8,5,21,26,0.553899,0.465795
8,6,21,27,0.535975,0.460575
8,7,21,28,0.506366,0.435596
8,8,21,29,0.490408,0.416561
8,9,21,30,0.478765,0.410638
8,1,22,23,0.694498,0.649268
8,2,22,24,0.648591,0.547970
8,3,22,25,0.615610,0.499330
8,4,22,26,0.586830,0.472127
8,5,22,27,0.558818,0.468463
8,6,22,28,0.537589,0.452108
8,7,22,29,0.520682,0.424122
8,8,22,30,0.509649,0.417100
8,9,22,31,0.483192,0.394838
8,1,23,24,0.707959,0.630898
8,2,23,25,0.656610,0.538732
8,3,23,26,0.618277,0.491775
8,4,23,27,0.588708,0.466778
8,5,23,28,0.564634,0.458310
8,6,23,29,0.547136,0.436443
8,7,23,30,0.531999,0.419303
8,8,23,31,0.506873,0.406415
8,9,23,32,0.489366,0.394709
8,1,24,25,0.716086,0.605467
8,2,24,26,0.650987,0.529700
8,3,24,27,0.612837,0.486614
8,4,24,28,0.579613,0.475416
8,5,24,29,0.555712,0.453826
8,6,24,30,0.540052,0.427930
8,7,24,31,0.523557,0.419883
8,8,24,32,0.513989,0.403277
8,9,24,33,0.494630,0.388398
8,1,25,26,0.707591,0.592097
8,2,25,27,0.653878,0.511327
8,3,25,28,0.600724,0.480253
8,4,25,29,0.577822,0.469165
8,5,25,30,0.550433,0.439187
8,6,25,31,0.527351,0.425177
8,7,25,32,0.523333,0.414535
8,8,25,33,0.506559,0.403094
8,9,25,34,0.491825,0.388442
8,1,26,27,0.701493,0.579137
8,2,26,28,0.640263,0.511994
8,3,26,29,0.603159,0.479745
8,4,26,30,0.570378,0.456214
8,5,26,31,0.545188,0.431830
8,6,26,32,0.544239,0.427392
8,7,26,33,0.525000,0.409827
8,8,26,34,0.509868,0.396567
8,9,26,35,0.479384,0.374957
8,1,27,28,0.694162,0.573320
8,2,27,29,0.630474,0.501318
8,3,27,30,0.591812,0.480783
8,4,27,31,0.558317,0.445781
8,5,27,32,0.556342,0.434899
8,6,27,33,0.543145,0.419519
8,7,27,34,0.523909,0.406153
8,8,27,35,0.501610,0.386406
8,9,27,36,0.466654,0.372351
8,1,28,29,0.683458,0.552335
8,2,28,30,0.623159,0.494503
8,3,28,31,0.570922,0.465988
8,4,28,32,0.557027,0.447525
8,5,28,33,0.540830,0.424248
8,6,28,34,0.531165,0.414206
8,7,28,35,0.507110,0.402007
8,8,28,36,0.478613,0.378629
8,9,28,37,0.454050,0.371261
8,1,29,30,0.687448,0.553879
8,2,29,31,0.610405,0.487468
8,3,29,32,0.572742,0.471222
8,4,29,33,0.553171,0.441914
8,5,29,34,0.540856,0.433796
8,6,29,35,0.522371,0.408050
8,7,29,36,0.493668,0.395325
8,8,29,37,0.464239,0.374727
8,9,29,38,0.448391,0.374875
8,1,30,31,0.682441,0.538885
8,2,30,32,0.606366,0.487868
8,3,30,33,0.573130,0.463445
8,4,30,34,0.549727,0.437390
8,5,30,35,0.528350,0.423238
8,6,30,36,0.511094,0.398673
8,7,30,37,0.480000,0.382026
8,8,30,38,0.457921,0.387704
8,9,30,39,0.441558,0.375103
8,1,31,32,0.677159,0.532216
8,2,31,33,0.600000,0.485662
8,3,31,34,0.565764,0.450079
8,4,31,35,0.536997,0.428298
8,5,31,36,0.519787,0.410348
8,6,31,37,0.497923,0.390696
8,7,31,38,0.474273,0.379425
8,8,31,39,0.454664,0.374959
8,9,31,40,0.439156,0.362314
8,1,32,33,0.671993,0.530260
8,2,32,34,0.589945,0.481161
8,3,32,35,0.544593,0.446154
8,4,32,36,0.531923,0.433792
8,5,32,37,0.508092,0.406458
8,6,32,38,0.492382,0.399290
8,7,32,39,0.473984,0.382534
8,8,32,40,0.455083,0.375165
8,9,32,41,0.428232,0.369879
8,1,33,34,0.656843,0.520875
8,2,33,35,0.571762,0.472187
8,3,33,36,0.539973,0.435769
8,4,33,37,0.516105,0.423540
8,5,33,38,0.497037,0.399966
8,6,33,39,0.481610,0.390179
8,7,33,40,0.459996,0.375514
8,8,33,41,0.437205,0.367583
8,9,33,42,0.426382,0.360473
8,1,34,35,0.645369,0.512605
8,2,34,36,0.567994,0.466854
8,3,34,37,0.527929,0.431221
8,4,34,38,0.505458,0.411755
8,5,34,39,0.485881,0.399469
8,6,34,40,0.460579,0.386528
8,7,34,41,0.442028,0.373762
8,8,34,42,0.431447,0.368183
8,9,34,43,0.411679,0.356789
8,1,35,36,0.629666,0.508721
8,2,35,37,0.555068,0.455439
8,3,35,38,0.529599,0.430653
8,4,35,39,0.511376,0.415964
8,5,35,40,0.480703,0.397765
8,6,35,41,0.453172,0.380593
8,7,35,42,0.439601,0.370907
8,8,35,43,0.424648,0.372441
8,9,35,44,0.400645,0.361343
8,1,36,37,0.614420,0.500269
8,2,36,38,0.554884,0.450483
8,3,36,39,0.533110,0.435632
8,4,36,40,0.502370,0.407167
8,5,36,41,0.474419,0.397168
8,6,36,42,0.454432,0.380107
8,7,36,43,0.431994,0.366747
8,8,36,44,0.416476,0.367569
8,9,36,45,0.403571,0.353759
8,1,37,38,0.614915,0.491300
8,2,37,39,0.551822,0.445072
8,3,37,40,0.511173,0.426518
8,4,37,41,0.484816,0.396770
8,5,37,42,0.466691,0.385119
8,6,37,43,0.445907,0.372517
8,7,37,44,0.424253,0.361923
8,8,37,45,0.412894,0.358718
8,9,37,46,0.398156,0.342200
8,1,38,39,0.603667,0.489130
8,2,38,40,0.533722,0.444823
8,3,38,41,0.503876,0.424799
8,4,38,42,0.481380,0.386105
8,5,38,43,0.458191,0.379538
8,6,38,44,0.436831,0.364736
8,7,38,45,0.412693,0.361739
8,8,38,46,0.404851,0.352194
8,9,38,47,0.391158,0.338452
8,1,39,40,0.579950,0.476801
8,2,39,41,0.517936,0.427002
8,3,39,42,0.488821,0.406404
8,4,39,43,0.471974,0.386067
8,5,39,44,0.449142,0.372493
8,6,39,45,0.425136,0.360408
8,7,39,46,0.409622,0.354945
8,8,39,47,0.395279,0.346964
8,9,39,48,0.379993,0.333944
8,1,40,41,0.570125,0.462840
8,2,40,42,0.497540,0.416156
8,3,40,43,0.486830,0.393443
8,4,40,44,0.460229,0.381678
8,5,40,45,0.436234,0.362262
8,6,40,46,0.415202,0.350008
8,7,40,47,0.407098,0.351243
8,8,40,48,0.392316,0.333843
8,9,40,49,0.381792,0.327042
8,1,41,42,0.551607,0.445603
8,2,41,43,0.493852,0.413567
8,3,41,44,0.479741,0.385527
8,4,41,45,0.456878,0.368446
8,5,41,46,0.434937,0.353600
8,6,41,47,0.418175,0.352715
8,7,41,48,0.401136,0.335160
8,8,41,49,0.385949,0.328369
8,9,41,50,0.365012,0.315301
8,1,42,43,0.539948,0.437865
8,2,42,44,0.490719,0.407389
8,3,42,45,0.477666,0.383463
8,4,42,46,0.443736,0.357578
8,5,42,47,0.427945,0.362114
8,6,42,48,0.414982,0.342472
8,7,42,49,0.394489,0.329917
8,8,42,50,0.370132,0.316987
8,9,42,51,0.355496,0.303577
8,1,43,44,0.523423,0.436589
8,2,43,45,0.487559,0.404125
8,3,43,46,0.462838,0.369313
8,4,43,47,0.445806,0.358761
8,5,43,48,0.422439,0.354953
8,6,43,49,0.401105,0.341109
8,7,43,50,0.374404,0.325530
8,8,43,51,0.359669,0.313668
8,9,43,52,0.348402,0.301429
8,1,44,45,0.522135,0.436719
8,2,44,46,0.469114,0.392999
8,3,44,47,0.452191,0.367136
8,4,44,48,0.441504,0.356605
8,5,44,49,0.424650,0.349696
8,6,44,50,0.396070,0.338854
8,7,44,51,0.376078,0.322245
8,8,44,52,0.355498,0.302319
8,9,44,53,0.344730,0.300617
8,1,45,46,0.509156,0.425190
8,2,45,47,0.477795,0.396164
8,3,45,48,0.452485,0.366919
8,4,45,49,0.434970,0.353057
8,5,45,50,0.406119,0.336994
8,6,45,51,0.383142,0.333726
8,7,45,52,0.367918,0.315035
8,8,45,53,0.358101,0.297918
8,9,45,54,0.343050,0.298411
8,1,46,47,0.509622,0.418660
8,2,46,48,0.465903,0.388576
8,3,46,49,0.448007,0.354565
8,4,46,50,0.416047,0.339071
8,5,46,51,0.396304,0.335590
8,6,46,52,0.371050,0.326864
8,7,46,53,0.356725,0.305313
8,8,46,54,0.354495,0.291542
8,9,46,55,0.331351,0.296971
8,1,47,48,0.512610,0.423896
8,2,47,49,0.456398,0.378515
8,3,47,50,0.422330,0.343704
8,4,47,51,0.398769,0.338055
8,5,47,52,0.382086,0.327838
8,6,47,53,0.372799,0.321464
8,7,47,54,0.367956,0.307725
8,8,47,55,0.342730,0.293776
8,9,47,56,0.322466,0.297267
8,1,48,49,0.493871,0.408956
8,2,48,50,0.443983,0.371605
8,3,48,51,0.421216,0.343869
8,4,48,52,0.384995,0.322744
8,5,48,53,0.382409,0.326304
8,6,48,54,0.376880,0.312070
8,7,48,55,0.353672,0.299500
8,8,48,56,0.327116,0.286499
8,9,48,57,0.320602,0.297537
8,1,49,50,0.489253,0.399511
8,2,49,51,0.443127,0.362761
8,3,49,52,0.407483,0.335893
8,4,49,53,0.390956,0.326015
8,5,49,54,0.390096,0.324705
8,6,49,55,0.369798,0.301790
8,7,49,56,0.342707,0.286474
8,8,49,57,0.331073,0.291012
8,9,49,58,0.320223,0.285090
8,1,50,51,0.485724,0.391226
8,2,50,52,0.434485,0.356695
8,3,50,53,0.417080,0.327030
8,4,50,54,0.400343,0.323847
8,5,50,55,0.380985,0.312438
8,6,50,56,0.364026,0.290677
8,7,50,57,0.348958,0.288531
8,8,50,58,0.327526,0.279121
8,9,50,59,0.320171,0.281184
8,1,51,52,0.474207,0.387637
8,2,51,53,0.427556,0.361039
8,3,51,54,0.413587,0.337241
8,4,51,55,0.392335,0.321216
8,5,51,56,0.374595,0.305789
8,6,51,57,0.358412,0.296976
8,7,51,58,0.343312,0.283752
8,8,51,59,0.322111,0.278335
8,9,51,60,0.311289,0.276801
8,1,52,53,0.476450,0.385091
8,2,52,54,0.431830,0.360970
8,3,52,55,0.413681,0.333572
8,4,52,56,0.391725,0.320819
8,5,52,57,0.373038,0.308061
8,6,52,58,0.360471,0.302107
8,7,52,59,0.338663,0.283482
8,8,52,60,0.319071,0.272879
8,9,52,61,0.319062,0.271231
8,1,53,54,0.493511,0.396196
8,2,53,55,0.431559,0.366828
8,3,53,56,0.411096,0.336563
8,4,53,57,0.393572,0.326112
8,5,53,58,0.383533,0.318717
8,6,53,59,0.364248,0.298142
8,7,53,60,0.340862,0.281987
8,8,53,61,0.330711,0.282969
8,9,53,62,0.326316,0.280189
8,1,54,55,0.486133,0.401745
8,2,54,56,0.424141,0.368506
8,3,54,57,0.410696,0.340318
8,4,54,58,0.401608,0.338728
8,5,54,59,0.384139,0.325213
8,6,54,60,0.355286,0.300440
8,7,54,61,0.342803,0.296992
8,8,54,62,0.325809,0.282937
8,9,54,63,0.326033,0.289315
8,1,55,56,0.487856,0.398647
8,2,55,57,0.425218,0.357616
8,3,55,58,0.408237,0.333237
8,4,55,59,0.395256,0.327574
8,5,55,60,0.372372,0.314240
8,6,55,61,0.361776,0.308034
8,7,55,62,0.337770,0.285835
8,8,55,63,0.337665,0.287542
8,9,55,64,0.331302,0.289429
8,1,56,57,0.492511,0.401544
8,2,56,58,0.423965,0.358349
8,3,56,59,0.404310,0.340637
8,4,56,60,0.382667,0.324258
8,5,56,61,0.372329,0.320801
8,6,56,62,0.354278,0.305674
8,7,56,63,0.349905,0.294830
8,8,56,64,0.341309,0.290182
8,9,56,65,0.348471,0.298011
8,1,57,58,0.492138,0.404317
8,2,57,59,0.419494,0.365641
8,3,57,60,0.389731,0.333726
8,4,57,61,0.382429,0.327639
8,5,57,62,0.367854,0.317760
8,6,57,63,0.366521,0.313923
8,7,57,64,0.350424,0.296830
8,8,57,65,0.357298,0.302011
8,9,57,66,0.346448,0.302743
8,1,58,59,0.495764,0.410332
8,2,58,60,0.419779,0.362570
8,3,58,61,0.401661,0.336178
8,4,58,62,0.375389,0.318459
8,5,58,63,0.376664,0.323978
8,6,58,64,0.361439,0.313070
8,7,58,65,0.356682,0.303427
8,8,58,66,0.355289,0.299484
8,9,58,67,0.355119,0.303127
8,1,59,60,0.484361,0.407581
8,2,59,61,0.410428,0.359330
8,3,59,62,0.389177,0.334520
8,4,59,63,0.385842,0.323663
8,5,59,64,0.374314,0.322898
8,6,59,65,0.370444,0.317682
8,7,59,66,0.362749,0.304077
8,8,59,67,0.358619,0.298866
8,9,59,68,0.362719,0.309440
8,1,60,61,0.480204,0.400468
8,2,60,62,0.406620,0.350301
8,3,60,63,0.392691,0.331952
8,4,60,64,0.389801,0.325499
8,5,60,65,0.394126,0.325137
8,6,60,66,0.381718,0.324508
8,7,60,67,0.373373,0.309345
8,8,60,68,0.377291,0.307907
8,9,60,69,0.375718,0.310963
8,1,61,62,0.474639,0.394818
8,2,61,63,0.415719,0.349230
8,3,61,64,0.391524,0.329587
8,4,61,65,0.400036,0.336561
8,5,61,66,0.400294,0.338700
8,6,61,67,0.389417,0.326691
8,7,61,68,0.396762,0.323250
8,8,61,69,0.382539,0.311752
8,9,61,70,0.383156,0.318067
8,1,62,63,0.486858,0.401212
8,2,62,64,0.422790,0.342652
8,3,62,65,0.401053,0.334525
8,4,62,66,0.408311,0.342263
8,5,62,67,0.408068,0.341614
8,6,62,68,0.413754,0.334082
8,7,62,69,0.398698,0.317526
8,8,62,70,0.389018,0.315837
8,9,62,71,0.390330,0.317048
8,1,63,64,0.502035,0.417007
8,2,63,65,0.430275,0.349235
8,3,63,66,0.417525,0.349775
8,4,63,67,0.418977,0.347139
8,5,63,68,0.420965,0.353350
8,6,63,69,0.421203,0.345584
8,7,63,70,0.409382,0.334438
8,8,63,71,0.401381,0.328349
8,9,63,72,0.395771,0.317553
8,1,64,65,0.516993,0.423059
8,2,64,66,0.441723,0.361980
8,3,64,67,0.433203,0.358123
8,4,64,68,0.437093,0.356773
8,5,64,69,0.433247,0.364952
8,6,64,70,0.421073,0.351869
8,7,64,71,0.416618,0.336282
8,8,64,72,0.410647,0.325744
8,9,64,73,0.413137,0.326395
8,1,65,66,0.515628,0.425908
8,2,65,67,0.449763,0.366165
8,3,65,68,0.439729,0.357710
8,4,65,69,0.439194,0.357538
8,5,65,70,0.437641,0.356549
8,6,65,71,0.430370,0.364502
8,7,65,72,0.422441,0.351691
8,8,65,73,0.424249,0.338428
8,9,65,74,0.423237,0.329998
8,1,66,67,0.523256,0.437106
8,2,66,68,0.466480,0.375464
8,3,66,69,0.450883,0.372403
8,4,66,70,0.446658,0.363819
8,5,66,71,0.446016,0.361232
8,6,66,72,0.442348,0.373327
8,7,66,73,0.436059,0.349089
8,8,66,74,0.426832,0.338730
8,9,66,75,0.427471,0.338748
8,1,67,68,0.516832,0.433155
8,2,67,69,0.465966,0.377291
8,3,67,70,0.449756,0.373333
8,4,67,71,0.459530,0.377060
8,5,67,72,0.461641,0.381378
8,6,67,73,0.450858,0.372527
8,7,67,74,0.445908,0.351062
8,8,67,75,0.443603,0.353725
8,9,67,76,0.440689,0.332477
8,1,68,69,0.524982,0.442204
8,2,68,70,0.467001,0.384068
8,3,68,71,0.458546,0.381755
8,4,68,72,0.457991,0.381476
8,5,68,73,0.462251,0.382410
8,6,68,74,0.445184,0.371980
8,7,68,75,0.436816,0.364342
8,8,68,76,0.442064,0.347727
8,9,68,77,0.440389,0.337692
8,1,69,70,0.532511,0.451651
8,2,69,71,0.474777,0.394194
8,3,69,72,0.460402,0.381655
8,4,69,73,0.459794,0.377882
8,5,69,74,0.464573,0.388641
8,6,69,75,0.462767,0.374037
8,7,69,76,0.451129,0.362166
8,8,69,77,0.456043,0.350041
8,9,69,78,0.456005,0.347942
8,1,70,71,0.542782,0.457980
8,2,70,72,0.490963,0.401013
8,3,70,73,0.482355,0.394880
8,4,70,74,0.465085,0.387471
8,5,70,75,0.468161,0.397655
8,6,70,76,0.454379,0.378714
8,7,70,77,0.452216,0.357538
8,8,70,78,0.456908,0.353169
8,9,70,79,0.461572,0.357996
8,1,71,72,0.543495,0.467678
8,2,71,73,0.494976,0.410330
8,3,71,74,0.480039,0.392959
8,4,71,75,0.470370,0.390596
8,5,71,76,0.447566,0.389599
8,6,71,77,0.452185,0.379595
8,7,71,78,0.459597,0.360879
8,8,71,79,0.468954,0.366473
8,9,71,80,0.476909,0.372583
8,1,72,73,0.545437,0.471469
8,2,72,74,0.492598,0.422363
8,3,72,75,0.484884,0.406921
8,4,72,76,0.464074,0.392900
8,5,72,77,0.450633,0.386214
8,6,72,78,0.455501,0.383933
8,7,72,79,0.460238,0.369170
8,8,72,80,0.470740,0.373904
8,9,72,81,0.461885,0.370131
8,1,73,74,0.544590,0.473779
8,2,73,75,0.493095,0.423913
8,3,73,76,0.477309,0.403900
8,4,73,77,0.455612,0.396665
8,5,73,78,0.464063,0.397358
8,6,73,79,0.462897,0.386408
8,7,73,80,0.462912,0.371424
8,8,73,81,0.457660,0.370697
8,9,73,82,0.451904,0.374280
8,1,74,75,0.548776,0.471029
8,2,74,76,0.493628,0.422130
8,3,74,77,0.463868,0.396419
8,4,74,78,0.470795,0.394855
8,5,74,79,0.471785,0.398777
8,6,74,80,0.470675,0.388552
8,7,74,81,0.464938,0.376469
8,8,74,82,0.462256,0.381129
8,9,74,83,0.436068,0.364677
8,1,75,76,0.549226,0.467994
8,2,75,77,0.488678,0.416773
8,3,75,78,0.476320,0.401161
8,4,75,79,0.475667,0.389995
8,5,75,80,0.471441,0.398018
8,6,75,81,0.452556,0.382467
8,7,75,82,0.461405,0.377880
8,8,75,83,0.451280,0.387011
8,9,75,84,0.441587,0.370201
8,1,76,77,0.538902,0.476614
8,2,76,78,0.504912,0.429782
8,3,76,79,0.498161,0.405311
8,4,76,80,0.498574,0.395026
8,5,76,81,0.481522,0.384768
8,6,76,82,0.469993,0.383348
8,7,76,83,0.455377,0.374042
8,8,76,84,0.441733,0.369316
8,9,76,85,0.420870,0.358497
8,1,77,78,0.553069,0.488553
8,2,77,79,0.505677,0.425071
8,3,77,80,0.504555,0.410594
8,4,77,81,0.499667,0.407098
8,5,77,82,0.492494,0.382002
8,6,77,83,0.475077,0.381577
8,7,77,84,0.465617,0.372767
8,8,77,85,0.441830,0.364425
8,9,77,86,0.436610,0.361833
8,1,78,79,0.563494,0.489515
8,2,78,80,0.523587,0.445305
8,3,78,81,0.501986,0.419842
8,4,78,82,0.486019,0.404959
8,5,78,83,0.476442,0.392653
8,6,78,84,0.466312,0.386040
8,7,78,85,0.439589,0.362695
8,8,78,86,0.434268,0.366782
8,9,78,87,0.411611,0.354798
8,1,79,80,0.579995,0.506334
8,2,79,81,0.536602,0.456614
8,3,79,82,0.493952,0.436555
8,4,79,83,0.481409,0.411523
8,5,79,84,0.463012,0.390596
8,6,79,85,0.433204,0.366921
8,7,79,86,0.427706,0.362584
8,8,79,87,0.417223,0.358018
8,9,79,88,0.408591,0.361725
8,1,80,81,0.589133,0.506475
8,2,80,82,0.529581,0.461389
8,3,80,83,0.497720,0.442963
8,4,80,84,0.473868,0.409108
8,5,80,85,0.447617,0.398664
8,6,80,86,0.432386,0.373542
8,7,80,87,0.419813,0.365677
8,8,80,88,0.417697,0.369945
8,9,80,89,0.416845,0.362777
8,1,81,82,0.581334,0.492514
8,2,81,83,0.529678,0.458850
8,3,81,84,0.492973,0.434898
8,4,81,85,0.463951,0.391249
8,5,81,86,0.449659,0.382251
8,6,81,87,0.434046,0.377830
8,7,81,88,0.427572,0.366486
8,8,81,89,0.422619,0.355990
8,9,81,90,0.410500,0.364046
8,1,82,83,0.600661,0.495666
8,2,82,84,0.540452,0.471197
8,3,82,85,0.497435,0.436917
8,4,82,86,0.477880,0.413890
8,5,82,87,0.459957,0.383925
8,6,82,88,0.449494,0.381992
8,7,82,89,0.438368,0.380305
8,8,82,90,0.424761,0.365486
8,9,82,91,0.421718,0.361875
8,1,83,84,0.605450,0.496258
8,2,83,85,0.535600,0.461893
8,3,83,86,0.505620,0.426672
8,4,83,87,0.481834,0.414811
8,5,83,88,0.468863,0.388381
8,6,83,89,0.456122,0.382412
8,7,83,90,0.436433,0.371878
8,8,83,91,0.436508,0.381212
8,9,83,92,0.428479,0.373575
8,1,84,85,0.599648,0.493478
8,2,84,86,0.549805,0.456174
8,3,84,87,0.511856,0.427628
8,4,84,88,0.498599,0.413948
8,5,84,89,0.484284,0.408580
8,6,84,90,0.465141,0.385706
8,7,84,91,0.456076,0.378685
8,8,84,92,0.448313,0.376782
8,9,84,93,0.439582,0.371502
8,1,85,86,0.621262,0.487824
8,2,85,87,0.555819,0.456396
8,3,85,88,0.527465,0.433529
8,4,85,89,0.511749,0.420279
8,5,85,90,0.488307,0.405143
8,6,85,91,0.478015,0.399740
8,7,85,92,0.469660,0.381658
8,8,85,93,0.460877,0.371601
8,9,85,94,0.454284,0.367931
8,1,86,87,0.644261,0.504762
8,2,86,88,0.585505,0.459934
8,3,86,89,0.559807,0.453529
8,4,86,90,0.529489,0.433568
8,5,86,91,0.513978,0.424420
8,6,86,92,0.497896,0.410161
8,7,86,93,0.481416,0.401118
8,8,86,94,0.467947,0.396574
8,9,86,95,0.454586,0.379482
8,1,87,88,0.659456,0.514612
8,2,87,89,0.600000,0.463150
8,3,87,90,0.568683,0.452097
8,4,87,91,0.550864,0.444359
8,5,87,92,0.526144,0.424048
8,6,87,93,0.509945,0.414630
8,7,87,94,0.497561,0.408971
8,8,87,95,0.478754,0.397543
8,9,87,96,0.471647,0.394154
8,1,88,89,0.658171,0.520930
8,2,88,90,0.595935,0.465148
8,3,88,91,0.567885,0.455828
8,4,88,92,0.546600,0.449211
8,5,88,93,0.522569,0.428571
8,6,88,94,0.511592,0.421193
8,7,88,95,0.493729,0.413253
8,8,88,96,0.485651,0.408225
8,9,88,97,0.481531,0.406821
8,1,89,90,0.653872,0.537295
8,2,89,91,0.612423,0.470139
8,3,89,92,0.581466,0.453455
8,4,89,93,0.553680,0.450436
8,5,89,94,0.542491,0.452404
8,6,89,95,0.523614,0.433263
8,7,89,96,0.513336,0.424852
8,8,89,97,0.505177,0.421777
8,9,89,98,0.490845,0.416508
8,1,90,91,0.664915,0.555280
8,2,90,92,0.619922,0.486155
8,3,90,93,0.588997,0.467150
8,4,90,94,0.569423,0.451487
8,5,90,95,0.547558,0.442063
8,6,90,96,0.542354,0.449484
8,7,90,97,0.535307,0.447143
8,8,90,98,0.515889,0.433628
8,9,90,99,0.507392,0.428793
96,1,19,20,0.822903,0.776119
96,2,19,21,0.802559,0.740176
96,3,19,22,0.799900,0.741710
96,4,19,23,0.806983,0.739052
96,5,19,24,0.789487,0.729863
96,6,19,25,0.773627,0.717200
96,7,19,26,0.800246,0.750258
96,8,19,27,0.821138,0.758922
96,9,19,28,0.842744,0.778323
96,1,20,21,0.806468,0.762632
96,2,20,22,0.797449,0.738565
96,3,20,23,0.802441,0.728770
96,4,20,24,0.792260,0.723548
96,5,20,25,0.774529,0.713102
96,6,20,26,0.800542,0.732376
96,7,20,27,0.826119,0.755407
96,8,20,28,0.846784,0.771635
96,9,20,29,0.832054,0.767454
96,1,21,22,0.807761,0.754228
96,2,21,23,0.808078,0.737295
96,3,21,24,0.788514,0.705198
96,4,21,25,0.777999,0.703166
96,5,21,26,0.802963,0.723464
96,6,21,27,0.828253,0.751942
96,7,21,28,0.848681,0.763669
96,8,21,29,0.837267,0.762650
96,9,21,30,0.849353,0.757654
96,1,22,23,0.818548,0.760910
96,2,22,24,0.791480,0.720930
96,3,22,25,0.778713,0.708181
96,4,22,26,0.808327,0.723623
96,5,22,27,0.826302,0.744000
96,6,22,28,0.847012,0.760684
96,7,22,29,0.838254,0.757355
96,8,22,30,0.850460,0.770277
96,9,22,31,0.844246,0.759510
96,1,23,24,0.799247,0.738696
96,2,23,25,0.776706,0.714137
96,3,23,26,0.805699,0.724173
96,4,23,27,0.827994,0.750322
96,5,23,28,0.849108,0.761548
96,6,23,29,0.842432,0.762350
96,7,23,30,0.853835,0.761016
96,8,23,31,0.850958,0.759927
96,9,23,32,0.854627,0.761387
96,1,24,25,0.778498,0.704266
96,2,24,26,0.805316,0.719380
96,3,24,27,0.834034,0.726408
96,4,24,28,0.852072,0.748835
96,5,24,29,0.840109,0.741818
96,6,24,30,0.855719,0.746428
96,7,24,31,0.850460,0.743956
96,8,24,32,0.855119,0.750910
96,9,24,33,0.863252,0.748577
96,1,25,26,0.803585,0.736759
96,2,25,27,0.827484,0.725348
96,3,25,28,0.850895,0.732990
96,4,25,29,0.841988,0.738542
96,5,25,30,0.853190,0.738633
96,6,25,31,0.851446,0.734355
96,7,25,32,0.856645,0.737688
96,8,25,33,0.865073,0.742620
96,9,25,34,0.863184,0.739074
96,1,26,27,0.818159,0.758825
96,2,26,28,0.846498,0.768220
96,3,26,29,0.840943,0.760392
96,4,26,30,0.855221,0.765891
96,5,26,31,0.849925,0.759804
96,6,26,32,0.856645,0.759897
96,7,26,33,0.864939,0.770678
96,8,26,34,0.864010,0.772129
96,9,26,35,0.859736,0.762468
96,1,27,28,0.853300,0.791516
96,2,27,29,0.841675,0.780021
96,3,27,30,0.854369,0.782316
96,4,27,31,0.852590,0.782181
96,5,27,32,0.855404,0.784035
96,6,27,33,0.865174,0.782463
96,7,27,34,0.864892,0.786691
96,8,27,35,0.859911,0.789392
96,9,27,36,0.859697,0.781443
96,1,28,29,0.839782,0.795484
96,2,28,30,0.851962,0.794049
96,3,28,31,0.849801,0.798129
96,4,28,32,0.854875,0.796689
96,5,28,33,0.864133,0.809969
96,6,28,34,0.861752,0.806795
96,7,28,35,0.856789,0.795560
96,8,28,36,0.857604,0.800104
96,9,28,37,0.859371,0.794436
96,1,29,30,0.854151,0.793696
96,2,29,31,0.849863,0.794517
96,3,29,32,0.856362,0.806705
96,4,29,33,0.864710,0.803595
96,5,29,34,0.864394,0.801354
96,6,29,35,0.860517,0.795685
96,7,29,36,0.859736,0.803553
96,8,29,37,0.863467,0.796883
96,9,29,38,0.864348,0.806578
96,1,30,31,0.851732,0.803875
96,2,30,32,0.858422,0.801929
96,3,30,33,0.866103,0.805411
96,4,30,34,0.863286,0.809288
96,5,30,35,0.860303,0.801249
96,6,30,36,0.860945,0.803962
96,7,30,37,0.863964,0.803850
96,8,30,38,0.864959,0.800415
96,9,30,39,0.858955,0.803497
96,1,31,32,0.858495,0.806545
96,2,31,33,0.863964,0.801560
96,3,31,34,0.864495,0.806367
96,4,31,35,0.860124,0.803026
96,5,31,36,0.859592,0.795425
96,6,31,37,0.864677,0.800000
96,7,31,38,0.864744,0.800312
96,8,31,39,0.858528,0.800574
96,9,31,40,0.859309,0.802350
96,1,32,33,0.864576,0.812304
96,2,32,34,0.865174,0.806762
96,3,32,35,0.861332,0.801091
96,4,32,36,0.860159,0.804269
96,5,32,37,0.863885,0.808854
96,6,32,38,0.865093,0.806343
96,7,32,39,0.857959,0.809462
96,8,32,40,0.859697,0.813138
96,9,32,41,0.851576,0.800574
96,1,33,34,0.863648,0.809289
96,2,33,35,0.861118,0.805030
96,3,33,36,0.859945,0.808682
96,4,33,37,0.864845,0.810439
96,5,33,38,0.864664,0.814988
96,6,33,39,0.859592,0.812467
96,7,33,40,0.860373,0.817564
96,8,33,41,0.852036,0.802656
96,9,33,42,0.861153,0.809883
96,1,34,35,0.862378,0.810776
96,2,34,36,0.859165,0.808322
96,3,34,37,0.863354,0.804922
96,4,34,38,0.864382,0.812272
96,5,34,39,0.858420,0.802232
96,6,34,40,0.860586,0.815308
96,7,34,41,0.850794,0.803232
96,8,34,42,0.860194,0.818039
96,9,34,43,0.851640,0.805432
96,1,35,36,0.860095,0.804992
96,2,35,37,0.863150,0.805815
96,3,35,38,0.862394,0.812712
96,4,35,39,0.857143,0.805939
96,5,35,40,0.860731,0.806771
96,6,35,41,0.852137,0.800834
96,7,35,42,0.860124,0.803377
96,8,35,43,0.851106,0.808226
96,9,35,44,0.861401,0.806343
96,1,36,37,0.862506,0.801503
96,2,36,38,0.863817,0.818301
96,3,36,39,0.858563,0.796940
96,4,36,40,0.859344,0.805259
96,5,36,41,0.853555,0.797449
96,6,36,42,0.860904,0.811276
96,7,36,43,0.851392,0.803399
96,8,36,44,0.861932,0.802492
96,9,36,45,0.860373,0.799170
96,1,37,38,0.863851,0.809660
96,2,37,39,0.858847,0.807602
96,3,37,40,0.860089,0.815047
96,4,37,41,0.853131,0.800625
96,5,37,42,0.861615,0.810206
96,6,37,43,0.851429,0.798595
96,7,37,44,0.861966,0.806125
96,8,37,45,0.860835,0.802335
96,9,37,46,0.862394,0.804929
96,1,38,39,0.858493,0.815948
96,2,38,40,0.859945,0.812989
96,3,38,41,0.852992,0.804223
96,4,38,42,0.861221,0.818562
96,5,38,43,0.851291,0.802189
96,6,38,44,0.862711,0.808782
96,7,38,45,0.860442,0.809214
96,8,38,46,0.862463,0.812288
96,9,38,47,0.866153,0.811688
96,1,39,40,0.857996,0.807622
96,2,39,41,0.853058,0.805446
96,3,39,42,0.860194,0.815086
96,4,39,43,0.850932,0.796818
96,5,39,44,0.862575,0.800156
96,6,39,45,0.860089,0.794506
96,7,39,46,0.862540,0.811178
96,8,39,47,0.865127,0.806812
96,9,39,48,0.867943,0.809945
96,1,40,41,0.853197,0.803450
96,2,40,42,0.862078,0.813072
96,3,40,43,0.851217,0.803768
96,4,40,44,0.862214,0.805202
96,5,40,45,0.859945,0.806099
96,6,40,46,0.862214,0.802597
96,7,40,47,0.865690,0.800155
96,8,40,48,0.867329,0.812663
96,9,40,49,0.855652,0.801356
96,1,41,42,0.860095,0.806646
96,2,41,43,0.850323,0.795449
96,3,41,44,0.861435,0.793667
96,4,41,45,0.860089,0.800626
96,5,41,46,0.862360,0.801356
96,6,41,47,0.864664,0.805476
96,7,41,48,0.867015,0.804376
96,8,41,49,0.855545,0.801047
96,9,41,50,0.863252,0.803497
96,1,42,43,0.848296,0.801305
96,2,42,44,0.862043,0.814525
96,3,42,45,0.860089,0.809760
96,4,42,46,0.862789,0.810952
96,5,42,47,0.865557,0.811768
96,6,42,48,0.867695,0.807373
96,7,42,49,0.854622,0.805012
96,8,42,50,0.862360,0.809797
96,9,42,51,0.861898,0.807442
96,1,43,44,0.862516,0.808539
96,2,43,45,0.859309,0.796716
96,3,43,46,0.861401,0.796981
96,4,43,47,0.866054,0.799688
96,5,43,48,0.866584,0.809412
96,6,43,49,0.854943,0.794778
96,7,43,50,0.861932,0.795372
96,8,43,51,0.862823,0.804285
96,9,43,52,0.863602,0.807219
96,1,44,45,0.858493,0.802857
96,2,44,46,0.862043,0.807332
96,3,44,47,0.866451,0.806744
96,4,44,48,0.865805,0.812224
96,5,44,49,0.854161,0.803283
96,6,44,50,0.861684,0.809474
96,7,44,51,0.862643,0.807122
96,8,44,52,0.863174,0.810515
96,9,44,53,0.859662,0.805881
96,1,45,46,0.860911,0.804472
96,2,45,47,0.865160,0.805765
96,3,45,48,0.866650,0.808892
96,4,45,49,0.855440,0.807481
96,5,45,50,0.862214,0.804732
96,6,45,51,0.862677,0.805671
96,7,45,52,0.863422,0.802024
96,8,45,53,0.858987,0.805838
96,9,45,54,0.866551,0.811360
96,1,46,47,0.864428,0.802744
96,2,46,48,0.867048,0.808201
96,3,46,49,0.856113,0.805846
96,4,46,50,0.861752,0.803581
96,5,46,51,0.862463,0.809214
96,6,46,52,0.864133,0.805556
96,7,46,53,0.859484,0.806091
96,8,46,54,0.866335,0.812077
96,9,46,55,0.859484,0.805411
96,1,47,48,0.865920,0.805742
96,2,47,49,0.854125,0.805259
96,3,47,50,0.862394,0.807682
96,4,47,51,0.861718,0.814275
96,5,47,52,0.863670,0.807782
96,6,47,53,0.859945,0.808793
96,7,47,54,0.866087,0.810537
96,8,47,55,0.859697,0.813299
96,9,47,56,0.849727,0.796258
96,1,48,49,0.855116,0.801350
96,2,48,50,0.860870,0.811752
96,3,48,51,0.861366,0.813639
96,4,48,52,0.864247,0.814680
96,5,48,53,0.859344,0.803007
96,6,48,54,0.866451,0.816502
96,7,48,55,0.859592,0.811247
96,8,48,56,0.850112,0.805483
96,9,48,57,0.859200,0.807532
96,1,49,50,0.861623,0.804694
96,2,49,51,0.862043,0.808466
96,3,49,52,0.864213,0.809511
96,4,49,53,0.859558,0.805802
96,5,49,54,0.865308,0.805208
96,6,49,55,0.858952,0.807481
96,7,49,56,0.850820,0.803571
96,8,49,57,0.859235,0.802347
96,9,49,58,0.851751,0.797961
96,1,50,51,0.863150,0.811360
96,2,50,52,0.862857,0.807223
96,3,50,53,0.859627,0.806351
96,4,50,54,0.865590,0.810452
96,5,50,55,0.858277,0.806611
96,6,50,56,0.850149,0.803660
96,7,50,57,0.858987,0.806661
96,8,50,58,0.851080,0.800886
96,9,50,59,0.861153,0.810480
96,1,51,52,0.863365,0.806753
96,2,51,53,0.860627,0.808705
96,3,51,54,0.866169,0.812337
96,4,51,55,0.858917,0.810853
96,5,51,56,0.849193,0.800365
96,6,51,57,0.859449,0.804314
96,7,51,58,0.851714,0.802765
96,8,51,59,0.860870,0.803896
96,9,51,60,0.863569,0.809053
96,1,52,53,0.858920,0.803168
96,2,52,54,0.865954,0.805390
96,3,52,55,0.859130,0.812370
96,4,52,56,0.849615,0.806595
96,5,52,57,0.859449,0.805823
96,6,52,58,0.852386,0.799584
96,7,52,59,0.861546,0.811522
96,8,52,60,0.862146,0.818134
96,9,52,61,0.850224,0.791548
96,1,53,54,0.866002,0.809685
96,2,53,55,0.858882,0.805367
96,3,53,56,0.849901,0.803824
96,4,53,57,0.860159,0.807773
96,5,53,58,0.851539,0.799165
96,6,53,59,0.860228,0.803590
96,7,53,60,0.862925,0.808755
96,8,53,61,0.850546,0.803768
96,9,53,62,0.860477,0.810444
96,1,54,55,0.858458,0.810417
96,2,54,56,0.848907,0.804178
96,3,54,57,0.859876,0.817089
96,4,54,58,0.851677,0.800937
96,5,54,59,0.860194,0.808632
96,6,54,60,0.863354,0.804404
96,7,54,61,0.850969,0.792433
96,8,54,62,0.860656,0.807952
96,9,54,63,0.863106,0.806535
96,1,55,56,0.849489,0.797495
96,2,55,57,0.860945,0.805208
96,3,55,58,0.851852,0.798957
96,4,55,59,0.860586,0.809971
96,5,55,60,0.861898,0.809487
96,6,55,61,0.849975,0.801202
96,7,55,62,0.860373,0.811178
96,8,55,63,0.862857,0.807392
96,9,55,64,0.854943,0.806637
96,1,56,57,0.859383,0.796610
96,2,56,58,0.851566,0.790339
96,3,56,59,0.860338,0.807027
96,4,56,60,0.861187,0.793865
96,5,56,61,0.850186,0.790230
96,6,56,62,0.860124,0.798800
96,7,56,63,0.862146,0.798332
96,8,56,64,0.854234,0.798012
96,9,56,65,0.848410,0.789694
96,1,57,58,0.851843,0.806072
96,2,57,59,0.860338,0.801091
96,3,57,60,0.861684,0.806242
96,4,57,61,0.851180,0.793758
96,5,57,62,0.860407,0.804161
96,6,57,63,0.863354,0.804156
96,7,57,64,0.854979,0.799168
96,8,57,65,0.848907,0.789501
96,9,57,66,0.870343,0.809388
96,1,58,59,0.859881,0.802350
96,2,58,60,0.860373,0.794858
96,3,58,61,0.850186,0.792167
96,4,58,62,0.860373,0.799791
96,5,58,63,0.863354,0.804961
96,6,58,64,0.855936,0.799948
96,7,58,65,0.848696,0.789295
96,8,58,66,0.871056,0.800363
96,9,58,67,0.863602,0.798232
96,1,59,60,0.861229,0.807702
96,2,59,61,0.850435,0.796147
96,3,59,62,0.861083,0.807031
96,4,59,63,0.863569,0.805613
96,5,59,64,0.855015,0.800625
96,6,59,65,0.848485,0.800314
96,7,59,66,0.871553,0.808031
96,8,59,67,0.864133,0.810156
96,9,59,68,0.861187,0.808965
96,1,60,61,0.849428,0.802244
96,2,60,62,0.861049,0.812207
96,3,60,63,0.863569,0.806544
96,4,60,64,0.854979,0.802967
96,5,60,65,0.846860,0.797498
96,6,60,66,0.870343,0.818371
96,7,60,67,0.864099,0.804511
96,8,60,68,0.860690,0.814621
96,9,60,69,0.863072,0.807852
96,1,61,62,0.860627,0.805810
96,2,61,63,0.862857,0.802505
96,3,61,64,0.856113,0.788147
96,4,61,65,0.847033,0.788718
96,5,61,66,0.870094,0.807292
96,6,61,67,0.862925,0.797659
96,7,61,68,0.860656,0.795059
96,8,61,69,0.860690,0.800522
96,9,61,70,0.853840,0.793473
96,1,62,63,0.862687,0.803998
96,2,62,64,0.855580,0.800416
96,3,62,65,0.847491,0.795881
96,4,62,66,0.870375,0.807822
96,5,62,67,0.863885,0.808533
96,6,62,68,0.861649,0.804523
96,7,62,69,0.861932,0.806712
96,8,62,70,0.854374,0.797347
96,9,62,71,0.858704,0.806569
96,1,63,64,0.852948,0.802758
96,2,63,65,0.847340,0.791223
96,3,63,66,0.869317,0.814853
96,4,63,67,0.864032,0.801035
96,5,63,68,0.860870,0.805924
96,6,63,69,0.861863,0.811409
96,7,63,70,0.853877,0.800156
96,8,63,71,0.858598,0.803743
96,9,63,72,0.865557,0.810340
96,1,64,65,0.848719,0.798848
96,2,64,66,0.870559,0.809412
96,3,64,67,0.863885,0.813448
96,4,64,68,0.861898,0.807994
96,5,64,69,0.862180,0.803595
96,6,64,70,0.853241,0.805505
96,7,64,71,0.857781,0.805802
96,8,64,72,0.866584,0.804891
96,9,64,73,0.857036,0.794699
96,1,65,66,0.869187,0.804897
96,2,65,67,0.862609,0.799009
96,3,65,68,0.861118,0.791266
96,4,65,69,0.862823,0.795780
96,5,65,70,0.852956,0.797170
96,6,65,71,0.857746,0.790940
96,7,65,72,0.866120,0.794286
96,8,65,73,0.857710,0.786902
96,9,65,74,0.859235,0.795514
96,1,66,67,0.863140,0.814219
96,2,66,68,0.861221,0.818229
96,3,66,69,0.862463,0.812403
96,4,66,70,0.853525,0.809164
96,5,66,71,0.858277,0.813687
96,6,66,72,0.865938,0.808995
96,7,66,73,0.857533,0.807732
96,8,66,74,0.859767,0.808869
96,9,66,75,0.860228,0.814516
96,1,67,68,0.862833,0.812353
96,2,67,69,0.862857,0.810304
96,3,67,70,0.853029,0.799532
96,4,67,71,0.858242,0.807813
96,5,67,72,0.866617,0.813947
96,6,67,73,0.857746,0.810331
96,7,67,74,0.859270,0.806292
96,8,67,75,0.860194,0.812891
96,9,67,76,0.864155,0.813621
96,1,68,69,0.862618,0.814786
96,2,68,70,0.853949,0.801147
96,3,68,71,0.857781,0.802861
96,4,68,72,0.866402,0.812760
96,5,68,73,0.857994,0.809611
96,6,68,74,0.859518,0.803223
96,7,68,75,0.859980,0.805570
96,8,68,76,0.863265,0.810081
96,9,68,77,0.846611,0.790824
96,1,69,70,0.851778,0.806637
96,2,69,71,0.856930,0.813546
96,3,69,72,0.867197,0.813070
96,4,69,73,0.857853,0.807091
96,5,69,74,0.858952,0.804472
96,6,69,75,0.860124,0.805881
96,7,69,76,0.863411,0.805232
96,8,69,77,0.847202,0.795325
96,9,69,78,0.849197,0.799118
96,1,70,71,0.857356,0.807440
96,2,70,72,0.866518,0.795284
96,3,70,73,0.857923,0.797706
96,4,70,74,0.858491,0.803082
96,5,70,75,0.860124,0.794645
96,6,70,76,0.863197,0.804789
96,7,70,77,0.847239,0.785974
96,8,70,78,0.848987,0.791634
96,9,70,79,0.853755,0.793881
96,1,71,72,0.862687,0.808223
96,2,71,73,0.857782,0.807893
96,3,71,74,0.859558,0.808094
96,4,71,75,0.860269,0.808566
96,5,71,76,0.863129,0.817825
96,6,71,77,0.845792,0.790963
96,7,71,78,0.848912,0.794293
96,8,71,79,0.853435,0.797927
96,9,71,80,0.847332,0.799012
96,1,72,73,0.858460,0.808383
96,2,72,74,0.858420,0.809524
96,3,72,75,0.859165,0.805296
96,4,72,76,0.862915,0.813084
96,5,72,77,0.846001,0.799896
96,6,72,78,0.847751,0.799948
96,7,72,79,0.853435,0.799380
96,8,72,80,0.848036,0.798602
96,9,72,81,0.842755,0.793380
96,1,73,74,0.858990,0.810620
96,2,73,75,0.858812,0.809673
96,3,73,76,0.862137,0.807122
96,4,73,77,0.845468,0.786473
96,5,73,78,0.847960,0.791656
96,6,73,79,0.853435,0.800415
96,7,73,80,0.847998,0.797297
96,8,73,81,0.842963,0.795319
96,9,73,82,0.847236,0.787761
96,1,74,75,0.860344,0.811291
96,2,74,76,0.863625,0.811085
96,3,74,77,0.846744,0.796460
96,4,74,78,0.849234,0.801666
96,5,74,79,0.853544,0.797826
96,6,74,80,0.848777,0.793782
96,7,74,81,0.842832,0.794133
96,8,74,82,0.847805,0.799585
96,9,74,83,0.846496,0.802395
96,1,75,76,0.861932,0.807792
96,2,75,77,0.846916,0.798332
96,3,75,78,0.848492,0.794659
96,4,75,79,0.853472,0.797360
96,5,75,80,0.848530,0.786378
96,6,75,81,0.842378,0.793202
96,7,75,82,0.847311,0.793996
96,8,75,83,0.846002,0.792130
96,9,75,84,0.852948,0.801762
96,1,76,77,0.849738,0.794925
96,2,76,78,0.851852,0.809003
96,3,76,79,0.858350,0.808869
96,4,76,80,0.851962,0.805296
96,5,76,81,0.848064,0.805671
96,6,76,82,0.852817,0.805030
96,7,76,83,0.851291,0.800363
96,8,76,84,0.858277,0.807195
96,9,76,85,0.845259,0.793958
96,1,77,78,0.854545,0.788327
96,2,77,79,0.857072,0.792898
96,3,77,80,0.851217,0.793498
96,4,77,81,0.848658,0.788721
96,5,77,82,0.852247,0.797917
96,6,77,83,0.852137,0.790909
96,7,77,84,0.857072,0.796834
96,8,77,85,0.845391,0.785437
96,9,77,86,0.850842,0.791807
96,1,78,79,0.857854,0.802755
96,2,78,80,0.853798,0.800573
96,3,78,81,0.850274,0.803763
96,4,78,82,0.852948,0.791925
96,5,78,83,0.853300,0.804070
96,6,78,84,0.860309,0.799223
96,7,78,85,0.848869,0.790155
96,8,78,86,0.852036,0.793273
96,9,78,87,0.843084,0.795165
96,1,79,80,0.853446,0.792097
96,2,79,81,0.848372,0.794301
96,3,79,82,0.853058,0.795090
96,4,79,83,0.853798,0.790914
96,5,79,84,0.860592,0.796802
96,6,79,85,0.846612,0.788238
96,7,79,86,0.851861,0.790883
96,8,79,87,0.844952,0.787668
96,9,79,88,0.851659,0.787583
96,1,80,81,0.848681,0.794905
96,2,80,82,0.854405,0.794301
96,3,80,83,0.852488,0.794759
96,4,80,84,0.860662,0.800674
96,5,80,85,0.847146,0.787432
96,6,80,86,0.852357,0.790548
96,7,80,87,0.845029,0.792423
96,8,80,88,0.851944,0.788160
96,9,80,89,0.846459,0.791462
96,1,81,82,0.854799,0.795118
96,2,81,83,0.853088,0.788138
96,3,81,84,0.859134,0.789419
96,4,81,85,0.847491,0.786380
96,5,81,86,0.853204,0.794141
96,6,81,87,0.844742,0.784420
96,7,81,88,0.851412,0.794978
96,8,81,89,0.845716,0.779809
96,9,81,90,0.844631,0.789801
96,1,82,83,0.850075,0.801040
96,2,82,84,0.859667,0.804150
96,3,82,85,0.846822,0.793675
96,4,82,86,0.852247,0.797721
96,5,82,87,0.844455,0.782474
96,6,82,88,0.851586,0.795302
96,7,82,89,0.846802,0.793996
96,8,82,90,0.844345,0.789216
96,9,82,91,0.834860,0.781799
96,1,83,84,0.859636,0.800882
96,2,83,85,0.847664,0.788098
96,3,83,86,0.853131,0.794925
96,4,83,87,0.845371,0.790770
96,5,83,88,0.853000,0.788823
96,6,83,89,0.847298,0.787965
96,7,83,90,0.844631,0.787355
96,8,83,91,0.836720,0.782699
96,9,83,92,0.838686,0.789283
96,1,84,85,0.846211,0.798187
96,2,84,86,0.853555,0.800828
96,3,84,87,0.846039,0.792970
96,4,84,88,0.853882,0.800258
96,5,84,89,0.849094,0.790165
96,6,84,90,0.845050,0.791398
96,7,84,91,0.836927,0.788616
96,8,84,92,0.838479,0.790098
96,9,84,93,0.837232,0.789406
96,1,85,86,0.852137,0.791311
96,2,85,87,0.844169,0.781621
96,3,85,88,0.852008,0.790302
96,4,85,89,0.847222,0.785290
96,5,85,90,0.845259,0.785143
96,6,85,91,0.835810,0.777720
96,7,85,92,0.839802,0.777864
96,8,85,93,0.836082,0.765876
96,9,85,94,0.836906,0.772541
96,1,86,87,0.845638,0.798649
96,2,86,88,0.852890,0.804094
96,3,86,89,0.848177,0.791172
96,4,86,90,0.845716,0.792409
96,5,86,91,0.836224,0.782227
96,6,86,92,0.838439,0.776866
96,7,86,93,0.836122,0.784430
96,8,86,94,0.836493,0.776100
96,9,86,95,0.826322,0.770118
96,1,87,88,0.854799,0.796685
96,2,87,89,0.848733,0.784258
96,3,87,90,0.845849,0.779064
96,4,87,91,0.837509,0.778986
96,5,87,92,0.840426,0.779582
96,6,87,93,0.837851,0.773450
96,7,87,94,0.836659,0.773788
96,8,87,95,0.826975,0.768243
96,9,87,96,0.809080,0.752757
96,1,88,89,0.849428,0.780082
96,2,88,90,0.844610,0.792784
96,3,88,91,0.836765,0.782620
96,4,88,92,0.840763,0.783659
96,5,88,93,0.837731,0.787108
96,6,88,94,0.837691,0.771975
96,7,88,95,0.827094,0.772343
96,8,88,96,0.810214,0.758700
96,9,88,97,0.794139,0.750064
96,1,89,90,0.848108,0.795649
96,2,89,91,0.838349,0.780362
96,3,89,92,0.840099,0.781411
96,4,89,93,0.838678,0.782575
96,5,89,94,0.837731,0.775615
96,6,89,95,0.827094,0.776004
96,7,89,96,0.809816,0.754161
96,8,89,97,0.794190,0.746835
96,9,89,98,0.790331,0.742879
96,1,90,91,0.838469,0.789460
96,2,90,92,0.842680,0.781266
96,3,90,93,0.842079,0.785181
96,4,90,94,0.838391,0.774111
96,5,90,95,0.827179,0.757321
96,6,90,96,0.808532,0.752237
96,7,90,97,0.794096,0.746257
96,8,90,98,0.790434,0.749091
96,9,90,99,0.779990,0.731493
97,1,19,20,0.848919,0.800151
97,2,19,21,0.837479,0.785068
97,3,19,22,0.822526,0.782543
97,4,19,23,0.819118,0.771507
97,5,19,24,0.808813,0.774530
97,6,19,25,0.804500,0.770450
97,7,19,26,0.797382,0.758815
97,8,19,27,0.785905,0.744263
97,9,19,28,0.780706,0.737913
97,1,20,21,0.846529,0.801319
97,2,20,22,0.828461,0.785642
97,3,20,23,0.820341,0.777246
97,4,20,24,0.808275,0.774472
97,5,20,25,0.802899,0.768582
97,6,20,26,0.797530,0.751145
97,7,20,27,0.785818,0.741533
97,8,20,28,0.780193,0.735638
97,9,20,29,0.772574,0.733112
97,1,21,22,0.832645,0.788603
97,2,21,23,0.824083,0.772063
97,3,21,24,0.812288,0.773749
97,4,21,25,0.806014,0.760603
97,5,21,26,0.798641,0.744524
97,6,21,27,0.786718,0.736668
97,7,21,28,0.779981,0.730328
97,8,21,29,0.773827,0.723383
97,9,21,30,0.769249,0.715522
97,1,22,23,0.832844,0.784384
97,2,22,24,0.819071,0.770689
97,3,22,25,0.812791,0.763828
97,4,22,26,0.800977,0.745389
97,5,22,27,0.785853,0.735264
97,6,22,28,0.783010,0.731557
97,7,22,29,0.773475,0.718846
97,8,22,30,0.769678,0.709225
97,9,22,31,0.766586,0.702696
97,1,23,24,0.834121,0.795685
97,2,23,25,0.815582,0.775389
97,3,23,26,0.802896,0.764965
97,4,23,27,0.786081,0.747483
97,5,23,28,0.780779,0.735234
97,6,23,29,0.775480,0.718958
97,7,23,30,0.772451,0.708461
97,8,23,31,0.768408,0.695895
97,9,23,32,0.770727,0.702696
97,1,24,25,0.832120,0.806564
97,2,24,26,0.814115,0.774993
97,3,24,27,0.793698,0.755316
97,4,24,28,0.788027,0.743730
97,5,24,29,0.780010,0.732082
97,6,24,30,0.772350,0.720894
97,7,24,31,0.766496,0.705366
97,8,24,32,0.767883,0.689576
97,9,24,33,0.748968,0.678800
97,1,25,26,0.839145,0.796984
97,2,25,27,0.805334,0.779179
97,3,25,28,0.793631,0.756900
97,4,25,29,0.782748,0.740428
97,5,25,30,0.772883,0.727249
97,6,25,31,0.763933,0.713278
97,7,25,32,0.765249,0.695012
97,8,25,33,0.747210,0.680207
97,9,25,34,0.734466,0.665373
97,1,26,27,0.828630,0.797817
97,2,26,28,0.807954,0.776877
97,3,26,29,0.784547,0.757177
97,4,26,30,0.771956,0.733989
97,5,26,31,0.762103,0.708552
97,6,26,32,0.759074,0.701750
97,7,26,33,0.742218,0.684156
97,8,26,34,0.734390,0.680158
97,9,26,35,0.724256,0.670000
97,1,27,28,0.824620,0.780654
97,2,27,29,0.800759,0.760281
97,3,27,30,0.779851,0.744349
97,4,27,31,0.764764,0.721202
97,5,27,32,0.757206,0.701630
97,6,27,33,0.738634,0.687467
97,7,27,34,0.731332,0.679006
97,8,27,35,0.724096,0.678115
97,9,27,36,0.717471,0.670497
97,1,28,29,0.823956,0.784341
97,2,28,30,0.799491,0.757946
97,3,28,31,0.777556,0.738627
97,4,28,32,0.767029,0.722281
97,5,28,33,0.746565,0.698434
97,6,28,34,0.737101,0.697643
97,7,28,35,0.727027,0.679210
97,8,28,36,0.718435,0.671578
97,9,28,37,0.716352,0.669514
97,1,29,30,0.821242,0.767838
97,2,29,31,0.801538,0.749184
97,3,29,32,0.787030,0.732095
97,4,29,33,0.762416,0.711177
97,5,29,34,0.744670,0.692143
97,6,29,35,0.729450,0.689051
97,7,29,36,0.719398,0.669624
97,8,29,37,0.717162,0.668453
97,9,29,38,0.712389,0.658184
97,1,30,31,0.824796,0.769125
97,2,30,32,0.808039,0.754929
97,3,30,33,0.777383,0.729354
97,4,30,34,0.754703,0.703062
97,5,30,35,0.741074,0.694920
97,6,30,36,0.726798,0.668554
97,7,30,37,0.724326,0.662021
97,8,30,38,0.717644,0.664238
97,9,30,39,0.719536,0.649600
97,1,31,32,0.830603,0.767615
97,2,31,33,0.792925,0.743667
97,3,31,34,0.769936,0.710469
97,4,31,35,0.748236,0.686163
97,5,31,36,0.730731,0.676622
97,6,31,37,0.730080,0.667745
97,7,31,38,0.723606,0.656974
97,8,31,39,0.722924,0.655672
97,9,31,40,0.720148,0.647797
97,1,32,33,0.816354,0.767364
97,2,32,34,0.790885,0.748955
97,3,32,35,0.761576,0.720044
97,4,32,36,0.737734,0.706630
97,5,32,37,0.734069,0.688574
97,6,32,38,0.725819,0.676286
97,7,32,39,0.727476,0.669911
97,8,32,40,0.724386,0.674532
97,9,32,41,0.718781,0.662794
97,1,33,34,0.813710,0.758562
97,2,33,35,0.789153,0.743285
97,3,33,36,0.758961,0.715970
97,4,33,37,0.751154,0.703168
97,5,33,38,0.739440,0.697687
97,6,33,39,0.737945,0.673877
97,7,33,40,0.732681,0.682732
97,8,33,41,0.725319,0.674457
97,9,33,42,0.715530,0.664929
97,1,34,35,0.815422,0.759435
97,2,34,36,0.782213,0.740943
97,3,34,37,0.768382,0.729553
97,4,34,38,0.752859,0.719088
97,5,34,39,0.746920,0.705352
97,6,34,40,0.740958,0.704507
97,7,34,41,0.732387,0.702230
97,8,34,42,0.723947,0.692394
97,9,34,43,0.724485,0.687027
97,1,35,36,0.817447,0.768619
97,2,35,37,0.800709,0.756197
97,3,35,38,0.777540,0.750585
97,4,35,39,0.771624,0.736629
97,5,35,40,0.765106,0.731757
97,6,35,41,0.754673,0.727483
97,7,35,42,0.741952,0.715396
97,8,35,43,0.738631,0.712729
97,9,35,44,0.745616,0.717466
97,1,36,37,0.832629,0.772565
97,2,36,38,0.803754,0.765843
97,3,36,39,0.794094,0.760792
97,4,36,40,0.784282,0.754717
97,5,36,41,0.772246,0.749336
97,6,36,42,0.759663,0.730814
97,7,36,43,0.755538,0.731579
97,8,36,44,0.757482,0.731785
97,9,36,45,0.743959,0.724490
97,1,37,38,0.828143,0.792407
97,2,37,39,0.818612,0.769117
97,3,37,40,0.808973,0.781427
97,4,37,41,0.795213,0.771224
97,5,37,42,0.779752,0.760702
97,6,37,43,0.775821,0.752583
97,7,37,44,0.778423,0.751611
97,8,37,45,0.760147,0.744337
97,9,37,46,0.760655,0.751324
97,1,38,39,0.840629,0.787888
97,2,38,40,0.830178,0.779478
97,3,38,41,0.815415,0.776142
97,4,38,42,0.795055,0.768699
97,5,38,43,0.789989,0.764126
97,6,38,44,0.795847,0.759396
97,7,38,45,0.780226,0.757829
97,8,38,46,0.778191,0.754448
97,9,38,47,0.773242,0.755174
97,1,39,40,0.839771,0.799516
97,2,39,41,0.827255,0.789680
97,3,39,42,0.807360,0.767275
97,4,39,43,0.803483,0.772754
97,5,39,44,0.808557,0.772133
97,6,39,45,0.787014,0.768541
97,7,39,46,0.785195,0.760380
97,8,39,47,0.780709,0.757451
97,9,39,48,0.766913,0.750517
97,1,40,41,0.837443,0.793646
97,2,40,42,0.819523,0.782372
97,3,40,43,0.818259,0.772918
97,4,40,44,0.822067,0.778109
97,5,40,45,0.800886,0.773477
97,6,40,46,0.802479,0.764199
97,7,40,47,0.800492,0.763852
97,8,40,48,0.788686,0.761593
97,9,40,49,0.783733,0.765003
97,1,41,42,0.829457,0.787124
97,2,41,43,0.824417,0.773835
97,3,41,44,0.827742,0.779575
97,4,41,45,0.810311,0.780296
97,5,41,46,0.811074,0.775143
97,6,41,47,0.804898,0.771574
97,7,41,48,0.794303,0.766148
97,8,41,49,0.794326,0.764303
97,9,41,50,0.798532,0.765667
97,1,42,43,0.831470,0.772782
97,2,42,44,0.838655,0.780686
97,3,42,45,0.820557,0.774418
97,4,42,46,0.818643,0.773028
97,5,42,47,0.815944,0.760500
97,6,42,48,0.803393,0.756644
97,7,42,49,0.803878,0.754313
97,8,42,50,0.808234,0.759358
97,9,42,51,0.801548,0.762047
97,1,43,44,0.847789,0.790522
97,2,43,45,0.827635,0.779964
97,3,43,46,0.827342,0.788788
97,4,43,47,0.821519,0.778145
97,5,43,48,0.807115,0.765269
97,6,43,49,0.807086,0.778814
97,7,43,50,0.809747,0.775883
97,8,43,51,0.801100,0.765410
97,9,43,52,0.806593,0.760475
97,1,44,45,0.831663,0.800365
97,2,44,46,0.833618,0.791265
97,3,44,47,0.832861,0.783857
97,4,44,48,0.817773,0.776847
97,5,44,49,0.814525,0.770740
97,6,44,50,0.816389,0.777877
97,7,44,51,0.804925,0.775388
97,8,44,52,0.809051,0.764636
97,9,44,53,0.805012,0.775693
97,1,45,46,0.839127,0.794825
97,2,45,47,0.834565,0.776577
97,3,45,48,0.822348,0.777543
97,4,45,49,0.823993,0.779922
97,5,45,50,0.824468,0.785542
97,6,45,51,0.813739,0.773398
97,7,45,52,0.816082,0.776877
97,8,45,53,0.811321,0.768931
97,9,45,54,0.814610,0.763761
97,1,46,47,0.844298,0.793416
97,2,46,48,0.830194,0.788502
97,3,46,49,0.830398,0.785478
97,4,46,50,0.832016,0.783039
97,5,46,51,0.820715,0.782700
97,6,46,52,0.821998,0.785092
97,7,46,53,0.817522,0.777645
97,8,46,54,0.817778,0.782504
97,9,46,55,0.812794,0.784255
97,1,47,48,0.836343,0.788062
97,2,47,49,0.835855,0.789886
97,3,47,50,0.842315,0.790105
97,4,47,51,0.829878,0.786037
97,5,47,52,0.830978,0.787879
97,6,47,53,0.827645,0.782036
97,7,47,54,0.828042,0.784753
97,8,47,55,0.822079,0.779570
97,9,47,56,0.813999,0.778576
97,1,48,49,0.840700,0.788218
97,2,48,50,0.845405,0.788983
97,3,48,51,0.833714,0.776842
97,4,48,52,0.833997,0.787285
97,5,48,53,0.830119,0.778211
97,6,48,54,0.831121,0.785757
97,7,48,55,0.826749,0.777345
97,8,48,56,0.819972,0.780084
97,9,48,57,0.813673,0.775075
97,1,49,50,0.846904,0.801088
97,2,49,51,0.834763,0.797572
97,3,49,52,0.836224,0.793967
97,4,49,53,0.831206,0.785929
97,5,49,54,0.833710,0.790264
97,6,49,55,0.828112,0.785050
97,7,49,56,0.819741,0.777112
97,8,49,57,0.815863,0.783328
97,9,49,58,0.821588,0.782101
97,1,50,51,0.843516,0.797763
97,2,50,52,0.845757,0.796870
97,3,50,53,0.836182,0.793684
97,4,50,54,0.841071,0.792091
97,5,50,55,0.833712,0.790642
97,6,50,56,0.827762,0.786443
97,7,50,57,0.824145,0.791090
97,8,50,58,0.830887,0.788214
97,9,50,59,0.831546,0.785075
97,1,51,52,0.848302,0.798243
97,2,51,53,0.842317,0.794492
97,3,51,54,0.842992,0.804856
97,4,51,55,0.837322,0.790887
97,5,51,56,0.832812,0.791528
97,6,51,57,0.827098,0.782700
97,7,51,58,0.834465,0.783613
97,8,51,59,0.833757,0.793905
97,9,51,60,0.826001,0.782857
97,1,52,53,0.846951,0.802847
97,2,52,54,0.849527,0.800663
97,3,52,55,0.843955,0.803026
97,4,52,56,0.834993,0.799879
97,5,52,57,0.835277,0.792635
97,6,52,58,0.839569,0.797831
97,7,52,59,0.839660,0.801690
97,8,52,60,0.833098,0.792231
97,9,52,61,0.833051,0.781998
97,1,53,54,0.855168,0.805631
97,2,53,55,0.847346,0.789537
97,3,53,56,0.842256,0.799394
97,4,53,57,0.839291,0.795943
97,5,53,58,0.845846,0.796263
97,6,53,59,0.843634,0.795783
97,7,53,60,0.836885,0.787970
97,8,53,61,0.838398,0.786851
97,9,53,62,0.833239,0.798786
97,1,54,55,0.848633,0.805808
97,2,54,56,0.845823,0.795598
97,3,54,57,0.845006,0.805218
97,4,54,58,0.852595,0.801688
97,5,54,59,0.851905,0.797956
97,6,54,60,0.842706,0.793383
97,7,54,61,0.843786,0.803081
97,8,54,62,0.837799,0.807540
97,9,54,63,0.840625,0.800181
97,1,55,56,0.845711,0.808886
97,2,55,57,0.843311,0.795585
97,3,55,58,0.850114,0.804052
97,4,55,59,0.848130,0.803566
97,5,55,60,0.840695,0.797342
97,6,55,61,0.842735,0.798370
97,7,55,62,0.839326,0.802796
97,8,55,63,0.842105,0.790090
97,9,55,64,0.839362,0.798426
97,1,56,57,0.846486,0.806648
97,2,56,58,0.853736,0.796017
97,3,56,59,0.853169,0.804789
97,4,56,60,0.845449,0.790950
97,5,56,61,0.846813,0.795770
97,6,56,62,0.842873,0.799635
97,7,56,63,0.846022,0.796677
97,8,56,64,0.841175,0.796364
97,9,56,65,0.844729,0.800182
97,1,57,58,0.855661,0.798548
97,2,57,59,0.852840,0.800242
97,3,57,60,0.844833,0.791843
97,4,57,61,0.846154,0.801578
97,5,57,62,0.842211,0.790733
97,6,57,63,0.845802,0.802488
97,7,57,64,0.840948,0.800547
97,8,57,65,0.845078,0.795104
97,9,57,66,0.821248,0.778076
97,1,58,59,0.856690,0.803803
97,2,58,60,0.848851,0.799758
97,3,58,61,0.850301,0.802962
97,4,58,62,0.845911,0.801941
97,5,58,63,0.849256,0.807692
97,6,58,64,0.841519,0.800847
97,7,58,65,0.847603,0.802477
97,8,58,66,0.821960,0.780060
97,9,58,67,0.814701,0.771987
97,1,59,60,0.851137,0.804177
97,2,59,61,0.853364,0.811779
97,3,59,62,0.848677,0.808582
97,4,59,63,0.851448,0.803927
97,5,59,64,0.845845,0.805278
97,6,59,65,0.848970,0.798193
97,7,59,66,0.824324,0.785437
97,8,59,67,0.815510,0.772579
97,9,59,68,0.827296,0.785842
97,1,60,61,0.852992,0.796800
97,2,60,62,0.847857,0.803957
97,3,60,63,0.852553,0.806432
97,4,60,64,0.848250,0.803951
97,5,60,65,0.852107,0.800121
97,6,60,66,0.827080,0.776124
97,7,60,67,0.815510,0.772795
97,8,60,68,0.828788,0.775504
97,9,60,69,0.824690,0.779970
97,1,61,62,0.848747,0.801701
97,2,61,63,0.854065,0.812405
97,3,61,64,0.850000,0.804982
97,4,61,65,0.852755,0.811000
97,5,61,66,0.829137,0.777150
97,6,61,67,0.818718,0.775401
97,7,61,68,0.830561,0.780749
97,8,61,69,0.825989,0.771998
97,9,61,70,0.812290,0.765787
97,1,62,63,0.854708,0.808653
97,2,62,64,0.848459,0.806166
97,3,62,65,0.852299,0.806147
97,4,62,66,0.829324,0.797522
97,5,62,67,0.817645,0.778542
97,6,62,68,0.830700,0.775960
97,7,62,69,0.828377,0.779376
97,8,62,70,0.814627,0.774155
97,9,62,71,0.823347,0.774107
97,1,63,64,0.851499,0.809741
97,2,63,65,0.856115,0.809712
97,3,63,66,0.830974,0.780161
97,4,63,67,0.821278,0.774711
97,5,63,68,0.832063,0.783229
97,6,63,69,0.828240,0.776057
97,7,63,70,0.815346,0.767200
97,8,63,71,0.822060,0.775044
97,9,63,72,0.809869,0.766598
97,1,64,65,0.854299,0.801212
97,2,64,66,0.831018,0.783533
97,3,64,67,0.820664,0.778574
97,4,64,68,0.830982,0.781818
97,5,64,69,0.827957,0.781540
97,6,64,70,0.815804,0.771020
97,7,64,71,0.821960,0.769413
97,8,64,72,0.810268,0.766203
97,9,64,73,0.811715,0.766410
97,1,65,66,0.830774,0.780924
97,2,65,67,0.821620,0.778637
97,3,65,68,0.832767,0.784524
97,4,65,69,0.829504,0.781063
97,5,65,70,0.816108,0.779570
97,6,65,71,0.823066,0.773171
97,7,65,72,0.812587,0.763701
97,8,65,73,0.814090,0.767552
97,9,65,74,0.811363,0.768730
97,1,66,67,0.833947,0.796941
97,2,66,68,0.836297,0.792126
97,3,66,69,0.829757,0.790830
97,4,66,70,0.816143,0.770234
97,5,66,71,0.817928,0.770206
97,6,66,72,0.807724,0.761304
97,7,66,73,0.809550,0.755335
97,8,66,74,0.807339,0.755425
97,9,66,75,0.793664,0.740633
97,1,67,68,0.844671,0.791952
97,2,67,69,0.828314,0.777877
97,3,67,70,0.814660,0.761722
97,4,67,71,0.810459,0.755556
97,5,67,72,0.801211,0.752409
97,6,67,73,0.804959,0.749054
97,7,67,74,0.803586,0.750658
97,8,67,75,0.788640,0.734452
97,9,67,76,0.798087,0.745871
97,1,68,69,0.835364,0.788548
97,2,68,70,0.815385,0.767552
97,3,68,71,0.816134,0.764947
97,4,68,72,0.804474,0.759719
97,5,68,73,0.807841,0.760444
97,6,68,74,0.806469,0.762617
97,7,68,75,0.791404,0.741674
97,8,68,76,0.799179,0.748047
97,9,68,77,0.785871,0.743448
97,1,69,70,0.827674,0.790565
97,2,69,71,0.825014,0.778207
97,3,69,72,0.814763,0.770778
97,4,69,73,0.816185,0.768890
97,5,69,74,0.814763,0.765366
97,6,69,75,0.798236,0.743732
97,7,69,76,0.806061,0.753720
97,8,69,77,0.793161,0.742464
97,9,69,78,0.806165,0.760722
97,1,70,71,0.835686,0.787870
97,2,70,72,0.826282,0.783010
97,3,70,73,0.822693,0.780553
97,4,70,74,0.819855,0.775431
97,5,70,75,0.804918,0.759717
97,6,70,76,0.811310,0.764619
97,7,70,77,0.798180,0.756940
97,8,70,78,0.811321,0.770238
97,9,70,79,0.820784,0.782258
97,1,71,72,0.841716,0.805405
97,2,71,73,0.834273,0.794275
97,3,71,74,0.825624,0.793423
97,4,71,75,0.812153,0.766990
97,5,71,76,0.815142,0.771873
97,6,71,77,0.800608,0.765279
97,7,71,78,0.814496,0.767071
97,8,71,79,0.819922,0.769549
97,9,71,80,0.819872,0.767030
97,1,72,73,0.843243,0.799043
97,2,72,74,0.830982,0.786949
97,3,72,75,0.816788,0.768483
97,4,72,76,0.820784,0.778073
97,5,72,77,0.808056,0.769914
97,6,72,78,0.817624,0.776985
97,7,72,79,0.822482,0.770526
97,8,72,80,0.819140,0.763840
97,9,72,81,0.820648,0.771412
97,1,73,74,0.837163,0.796767
97,2,73,75,0.824173,0.776005
97,3,73,76,0.828404,0.767857
97,4,73,77,0.811247,0.766982
97,5,73,78,0.824090,0.775601
97,6,73,79,0.824219,0.766559
97,7,73,80,0.816843,0.766127
97,8,73,81,0.821994,0.764326
97,9,73,82,0.815329,0.765731
97,1,74,75,0.828209,0.781445
97,2,74,76,0.834363,0.771630
97,3,74,77,0.817367,0.763454
97,4,74,78,0.828692,0.771539
97,5,74,79,0.825650,0.772444
97,6,74,80,0.818814,0.763127
97,7,74,81,0.822711,0.766529
97,8,74,82,0.815299,0.771632
97,9,74,83,0.812726,0.762893
97,1,75,76,0.843954,0.788958
97,2,75,77,0.826099,0.781856
97,3,75,78,0.824754,0.764706
97,4,75,79,0.819603,0.753734
97,5,75,80,0.817549,0.753296
97,6,75,81,0.820078,0.762353
97,7,75,82,0.810369,0.754928
97,8,75,83,0.805525,0.750441
97,9,75,84,0.814325,0.751242
97,1,76,77,0.837071,0.795332
97,2,76,78,0.818335,0.776429
97,3,76,79,0.815145,0.771563
97,4,76,80,0.811892,0.767490
97,5,76,81,0.814650,0.769841
97,6,76,82,0.806532,0.757771
97,7,76,83,0.802650,0.755353
97,8,76,84,0.809956,0.758691
97,9,76,85,0.798085,0.750949
97,1,77,78,0.824880,0.765597
97,2,77,79,0.816858,0.770190
97,3,77,80,0.812605,0.763470
97,4,77,81,0.816560,0.761146
97,5,77,82,0.807564,0.751622
97,6,77,83,0.806165,0.749705
97,7,77,84,0.813780,0.751542
97,8,77,85,0.803695,0.747353
97,9,77,86,0.811466,0.746776
97,1,78,79,0.835127,0.783129
97,2,78,80,0.828411,0.766835
97,3,78,81,0.831511,0.769733
97,4,78,82,0.822197,0.762767
97,5,78,83,0.813578,0.760844
97,6,78,84,0.821766,0.758478
97,7,78,85,0.814302,0.752212
97,8,78,86,0.817427,0.759374
97,9,78,87,0.812466,0.747872
97,1,79,80,0.839569,0.790530
97,2,79,81,0.838883,0.786503
97,3,79,82,0.826404,0.785372
97,4,79,83,0.820649,0.776516
97,5,79,84,0.825264,0.771395
97,6,79,85,0.816089,0.761975
97,7,79,86,0.819391,0.770210
97,8,79,87,0.815870,0.766933
97,9,79,88,0.813755,0.771733
97,1,80,81,0.843483,0.803862
97,2,80,82,0.834891,0.786014
97,3,80,83,0.825585,0.784620
97,4,80,84,0.832912,0.778340
97,5,80,85,0.824650,0.778375
97,6,80,86,0.824513,0.779267
97,7,80,87,0.819040,0.788732
97,8,80,88,0.819137,0.781315
97,9,80,89,0.806077,0.765073
97,1,81,82,0.837846,0.786271
97,2,81,83,0.831871,0.791328
97,3,81,84,0.834037,0.786034
97,4,81,85,0.826734,0.784496
97,5,81,86,0.829740,0.780060
97,6,81,87,0.823300,0.791667
97,7,81,88,0.820499,0.776823
97,8,81,89,0.807746,0.771131
97,9,81,90,0.805310,0.767629
97,1,82,83,0.835613,0.784810
97,2,82,84,0.840510,0.781699
97,3,82,85,0.829433,0.764793
97,4,82,86,0.835539,0.777313
97,5,82,87,0.831694,0.783573
97,6,82,88,0.826778,0.779899
97,7,82,89,0.814712,0.771001
97,8,82,90,0.809497,0.761692
97,9,82,91,0.823252,0.774174
97,1,83,84,0.843812,0.786186
97,2,83,85,0.837355,0.783027
97,3,83,86,0.840079,0.782843
97,4,83,87,0.834697,0.784856
97,5,83,88,0.830998,0.776386
97,6,83,89,0.820808,0.765373
97,7,83,90,0.815996,0.758189
97,8,83,91,0.828500,0.775425
97,9,83,92,0.831538,0.777843
97,1,84,85,0.836839,0.786871
97,2,84,86,0.838801,0.778174
97,3,84,87,0.834743,0.768047
97,4,84,88,0.835724,0.779691
97,5,84,89,0.823397,0.770306
97,6,84,90,0.822504,0.764706
97,7,84,91,0.834456,0.773468
97,8,84,92,0.837267,0.776930
97,9,84,93,0.828556,0.783061
97,1,85,86,0.839159,0.783533
97,2,85,87,0.834746,0.771199
97,3,85,88,0.836338,0.774443
97,4,85,89,0.824374,0.763463
97,5,85,90,0.823480,0.756308
97,6,85,91,0.836333,0.775067
97,7,85,92,0.840491,0.770699
97,8,85,93,0.832215,0.771488
97,9,85,94,0.823004,0.767400
97,1,86,87,0.832719,0.783751
97,2,86,88,0.832629,0.776921
97,3,86,89,0.824492,0.763345
97,4,86,90,0.821871,0.752583
97,5,86,91,0.836010,0.769663
97,6,86,92,0.840592,0.780983
97,7,86,93,0.832074,0.771344
97,8,86,94,0.824748,0.770419
97,9,86,95,0.828579,0.771717
97,1,87,88,0.833757,0.791143
97,2,87,89,0.823844,0.765825
97,3,87,90,0.823331,0.771275
97,4,87,91,0.837556,0.778472
97,5,87,92,0.843680,0.787700
97,6,87,93,0.833800,0.771209
97,7,87,94,0.827441,0.775030
97,8,87,95,0.828300,0.782687
97,9,87,96,0.834957,0.780012
97,1,88,89,0.824626,0.769071
97,2,88,90,0.824690,0.767152
97,3,88,91,0.837556,0.775377
97,4,88,92,0.843960,0.776216
97,5,88,93,0.835297,0.774432
97,6,88,94,0.828885,0.764098
97,7,88,95,0.829644,0.772714
97,8,88,96,0.835330,0.780071
97,9,88,97,0.833888,0.777745
97,1,89,90,0.822581,0.761408
97,2,89,91,0.836712,0.771794
97,3,89,92,0.841474,0.775811
97,4,89,93,0.834595,0.763002
97,5,89,94,0.825112,0.755773
97,6,89,95,0.830157,0.763868
97,7,89,96,0.833333,0.766058
97,8,89,97,0.833102,0.759660
97,9,89,98,0.834393,0.763466
97,1,90,91,0.834792,0.765143
97,2,90,92,0.839565,0.771816
97,3,90,93,0.833147,0.760047
97,4,90,94,0.824468,0.751257
97,5,90,95,0.830020,0.760380
97,6,90,96,0.833565,0.764151
97,7,90,97,0.833241,0.764481
97,8,90,98,0.833933,0.755912
97,9,90,99,0.836740,0.757505
